inicio,fim,diff
734346,734347,531.0
734343,734345,-123.0
734337,734340,1420.0
734332,734336,554.0
734331,734331,952.0
734323,734330,3144.0
734315,734322,2869.0
734310,734312,51.0
734305,734309,522.0
734303,734304,-127.0
734302,734302,182.0
734298,734301,95.0
734297,734297,432.0
734296,734296,-171.0
734295,734295,146.0
734294,734294,-1273.0
734290,734291,932.0
734289,734289,-1205.0
734288,734288,659.0
734287,734287,-341.0
734281,734284,1950.0
734280,734280,-252.0
734277,734277,227.0
734275,734276,357.0
734274,734274,843.0
734270,734273,365.0
734269,734269,231.0
734268,734268,-1101.0
734263,734267,1456.0
734259,734262,2298.0
734256,734256,469.0
734254,734255,303.0
734253,734253,172.0
734252,734252,-86.0
734246,734247,1634.0
734245,734245,-1274.0
734242,734242,403.0
734235,734241,2493.0
734234,734234,136.0
734233,734233,-804.0
734225,734232,2634.0
734224,734224,-574.0
734221,734221,238.0
734220,734220,-266.0
734218,734219,1120.0
734217,734217,-197.0
734213,734214,862.0
734211,734212,-845.0
734207,734210,1129.0
734200,734206,-343.0
734198,734199,1902.0
734197,734197,-1138.0
734196,734196,474.0
734193,734193,-49.0
734191,734192,510.0
734189,734190,-7.0
734184,734186,1716.0
734183,734183,-217.0
734178,734182,2342.0
734177,734177,-1549.0
734175,734176,502.0
734172,734172,-1483.0
734171,734171,77.0
734170,734170,-1156.0
734169,734169,1272.0
734163,734168,2615.0
734161,734161,293.0
734156,734158,930.0
734155,734155,308.0
734154,734154,-331.0
734151,734151,217.0
734150,734150,-910.0
734147,734149,1552.0
734143,734144,-9.0
734134,734142,3280.0
734133,734133,-673.0
734127,734129,1223.0
734126,734126,-715.0
734123,734123,677.0
734120,734122,686.0
734116,734119,1237.0
734112,734115,1301.0
734107,734109,2038.0
734101,734106,1509.0
734100,734100,1674.0
734098,734099,-411.0
734093,734095,1709.0
734085,734092,1107.0
734084,734084,50.0
734081,734081,-380.0
734074,734080,2657.0
734072,734073,-87.0
734070,734071,1202.0
734066,734067,626.0
734065,734065,542.0
734063,734064,-1777.0
734053,734060,1896.0
734051,734052,116.0
734042,734050,3072.0
734039,734039,-604.0
734037,734038,1087.0
734036,734036,-470.0
734035,734035,1103.0
734031,734032,-136.0
734030,734030,417.0
734029,734029,-338.0
734024,734028,1622.0
734023,734023,-332.0
734021,734021,68.0
734017,734018,132.0
734015,734016,2802.0
734014,734014,-1324.0
734011,734011,1710.0
734003,734010,1873.0
733996,734002,1856.0
733990,733995,-259.0
733988,733989,417.0
733987,733987,-520.0
733972,733986,6146.0
733969,733969,-1148.0
733968,733968,7.0
733967,733967,-207.0
733966,733966,722.0
733965,733965,-517.0
733959,733961,2606.0
733958,733958,-571.0
733954,733955,495.0
733951,733953,1802.0
733948,733948,887.0
733947,733947,-1217.0
733946,733946,348.0
733945,733945,-23.0
733944,733944,387.0
733940,733941,100.0
733938,733939,1217.0
733937,733937,-80.0
733933,733934,2126.0
733932,733932,-320.0
733931,733931,669.0
733927,733930,772.0
733925,733925,1107.0
733924,733924,-1192.0
733923,733923,1097.0
733920,733920,-133.0
733918,733919,2909.0
733916,733917,-388.0
733913,733913,2067.0
733905,733912,4040.0
733904,733904,786.0
733903,733903,-1024.0
733902,733902,2581.0
733898,733899,956.0
733897,733897,55.0
733892,733896,-1387.0
733890,733891,1460.0
733888,733889,-1720.0
733882,733885,411.0
733877,733881,1293.0
733875,733876,415.0
733871,733874,-434.0
733870,733870,992.0
733868,733869,-105.0
733857,733867,2832.0
733855,733856,-5.0
733853,733854,566.0
733848,733850,-621.0
733847,733847,919.0
733842,733846,340.0
733840,733841,1404.0
733839,733839,-276.0
733835,733836,1196.0
733834,733834,-139.0
733828,733833,2009.0
733822,733827,1384.0
733820,733821,1973.0
733815,733815,-274.0
733811,733814,3356.0
733806,733808,2049.0
733804,733805,1744.0
733801,733801,-189.0
733800,733800,517.0
733792,733799,3907.0
733790,733791,931.0
733786,733787,-226.0
733785,733785,304.0
733784,733784,-353.0
733783,733783,166.0
733779,733780,80.0
733763,733778,4809.0
733756,733762,1666.0
733750,733755,1576.0
733749,733749,-782.0
733748,733748,901.0
733744,733745,-405.0
733742,733743,1698.0
733741,733741,-38.0
733738,733738,711.0
733737,733737,-1519.0
733734,733736,1577.0
733729,733730,727.0
733724,733728,2949.0
733723,733723,-1979.0
733720,733722,1956.0
733717,733717,-354.0
733714,733716,3276.0
733710,733710,-2175.0
733709,733709,3554.0
733707,733708,-1070.0
733706,733706,30.0
733703,733703,-1085.0
733701,733702,829.0
733700,733700,-1928.0
733699,733699,1039.0
733696,733696,-503.0
733688,733695,4042.0
733687,733687,-28.0
733682,733686,2203.0
733681,733681,-1060.0
733680,733680,277.0
733679,733679,-81.0
733675,733678,1271.0
733673,733674,543.0
733668,733672,1247.0
733667,733667,-173.0
733664,733666,2047.0
733661,733661,-171.0
733653,733660,4102.0
733646,733652,1524.0
733645,733645,341.0
733644,733644,-357.0
733637,733643,2533.0
733633,733636,-1008.0
733631,733632,1287.0
733630,733630,-1055.0
733626,733629,1073.0
733625,733625,-630.0
733618,733624,2650.0
733616,733617,-660.0
733611,733615,1474.0
733610,733610,-159.0
733603,733609,4362.0
733601,733602,-279.0
733598,733598,46.0
733590,733596,1794.0
733589,733589,80.0
733588,733588,-678.0
733587,733587,650.0
733584,733584,-31.0
733583,733583,1847.0
733582,733582,-147.0
733581,733581,318.0
733580,733580,-1872.0
733577,733577,466.0
733573,733576,2357.0
733568,733570,399.0
733567,733567,-476.0
733566,733566,290.0
733563,733563,-133.0
733562,733562,1370.0
733560,733561,-1426.0
733555,733559,2681.0
733554,733554,-48.0
733549,733553,1761.0
733546,733548,-935.0
733545,733545,2451.0
733542,733542,-440.0
733541,733541,775.0
733538,733540,-571.0
733535,733535,1330.0
733534,733534,-1441.0
733525,733533,5664.0
733524,733524,-952.0
733519,733521,2338.0
733514,733517,-1105.0
733513,733513,748.0
733511,733512,424.0
733505,733510,2166.0
733503,733504,-120.0
733497,733500,3735.0
733493,733496,-574.0
733491,733492,1109.0
733490,733490,-963.0
733489,733489,2362.0
733486,733486,-377.0
733483,733485,1844.0
733479,733482,-274.0
733476,733478,2406.0
733471,733475,922.0
733469,733470,2166.0
733468,733468,-1945.0
733465,733465,5.0
733458,733464,1436.0
733457,733457,55.0
733455,733456,1817.0
733451,733454,1331.0
733447,733450,1584.0
733441,733444,4100.0
733436,733440,297.0
733430,733435,2331.0
733429,733429,-649.0
733428,733428,1264.0
733426,733427,-1033.0
733422,733423,1351.0
733421,733421,-1555.0
733420,733420,147.0
733416,733419,-1773.0
733415,733415,1172.0
733414,733414,-1488.0
733402,733413,5832.0
733393,733399,1236.0
733392,733392,1669.0
733391,733391,-1048.0
733388,733388,857.0
733387,733387,-490.0
733386,733386,1032.0
733385,733385,-317.0
733381,733384,3160.0
733380,733380,-183.0
733378,733379,554.0
733377,733377,-1855.0
733374,733374,380.0
733373,733373,-257.0
733370,733372,5214.0
733360,733367,418.0
733359,733359,1619.0
733358,733358,-2887.0
733353,733357,894.0
733351,733352,1035.0
733349,733350,2987.0
733346,733346,-190.0
733343,733345,8004.0
733336,733342,5903.0
733335,733335,3040.0
733330,733332,5086.0
733328,733329,5956.0
733317,733325,11251.0
733315,733316,3776.0
733311,733314,-3674.0
733309,733310,2225.0
733307,733308,-430.0
733303,733304,7145.0
733302,733302,-3309.0
733301,733301,825.0
733300,733300,-3970.0
733295,733297,3961.0
733293,733294,-1054.0
733290,733290,536.0
733283,733289,737.0
733281,733282,2019.0
733276,733280,1342.0
733273,733275,2604.0
733269,733272,-32.0
733267,733268,629.0
733261,733266,2614.0
733259,733260,1931.0
733254,733258,358.0
733252,733253,3103.0
733245,733251,3224.0
733244,733244,770.0
733240,733241,1836.0
733237,733239,1903.0
733234,733234,-108.0
733231,733233,1180.0
733230,733230,-284.0
733227,733227,99.0
733224,733226,2092.0
733220,733223,1062.0
733219,733219,-1857.0
733218,733218,1680.0
733217,733217,-468.0
733216,733216,18.0
733211,733213,-129.0
733209,733210,1233.0
733206,733206,-122.0
733205,733205,524.0
733199,733204,2447.0
733198,733198,2561.0
733195,733197,1242.0
733192,733192,795.0
733191,733191,-1356.0
733190,733190,2158.0
733189,733189,-637.0
733188,733188,177.0
733183,733185,370.0
733177,733182,3476.0
733176,733176,-468.0
733174,733175,851.0
733171,733171,-76.0
733170,733170,701.0
733169,733169,-1183.0
733162,733168,6368.0
733161,733161,-1852.0
733157,733160,1098.0
733155,733156,95.0
733147,733154,3625.0
733143,733146,502.0
733142,733142,52.0
733141,733141,-1063.0
733140,733140,360.0
733139,733139,-271.0
733132,733136,3995.0
733128,733129,346.0
733121,733127,2583.0
733120,733120,-3109.0
733119,733119,1893.0
733115,733118,-1686.0
733114,733114,105.0
733113,733113,-201.0
733112,733112,2362.0
733107,733111,891.0
733106,733106,976.0
733105,733105,-830.0
733104,733104,994.0
733101,733101,-2064.0
733092,733100,3290.0
733086,733091,803.0
733079,733085,3620.0
733078,733078,-2107.0
733073,733073,1589.0
733072,733072,-798.0
733065,733071,6058.0
733064,733064,-1863.0
733063,733063,2392.0
733062,733062,-3794.0
733059,733059,467.0
733056,733058,1666.0
733055,733055,238.0
733052,733052,-1572.0
733049,733051,2744.0
733045,733048,1579.0
733044,733044,78.0
733043,733043,-1070.0
733038,733038,110.0
733037,733037,-513.0
733031,733036,2560.0
733030,733030,-8.0
733028,733029,1878.0
733023,733027,-320.0
733022,733022,230.0
733017,733021,-590.0
733007,733016,6701.0
733006,733006,-1904.0
733002,733003,380.0
732996,733001,545.0
732993,732994,3113.0
732992,732992,-2794.0
732988,732989,809.0
732987,732987,-1002.0
732986,732986,1536.0
732981,732985,178.0
732980,732980,933.0
732979,732979,-661.0
732975,732978,2699.0
732973,732974,-219.0
732971,732972,1814.0
732968,732968,-2376.0
732966,732967,1543.0
732965,732965,-1247.0
732964,732964,513.0
732959,732960,-388.0
732953,732958,3446.0
732951,732952,-1598.0
732950,732950,1875.0
732947,732947,-589.0
732940,732946,4136.0
732939,732939,-357.0
732937,732938,2904.0
732933,732936,-92.0
732932,732932,1025.0
732931,732931,-39.0
732930,732930,1261.0
732929,732929,-1901.0
732925,732925,156.0
732924,732924,-835.0
732917,732923,3588.0
732916,732916,-1427.0
732905,732915,5054.0
732897,732904,4672.0
732894,732896,2392.0
732891,732891,-1851.0
732889,732890,510.0
732888,732888,-419.0
732887,732887,1648.0
732883,732884,1134.0
732882,732882,204.0
732881,732881,-2241.0
732880,732880,594.0
732877,732877,-682.0
732876,732876,569.0
732875,732875,-104.0
732874,732874,284.0
732873,732873,-270.0
732868,732870,1738.0
732867,732867,-561.0
732862,732863,748.0
732861,732861,-2.0
732856,732860,1546.0
732855,732855,-7.0
732854,732854,291.0
732849,732853,412.0
732848,732848,627.0
732846,732847,-529.0
732840,732845,2904.0
732839,732839,-979.0
732835,732838,738.0
732831,732833,-850.0
732828,732828,1152.0
732827,732827,-268.0
732826,732826,822.0
732825,732825,-408.0
732821,732824,1581.0
732818,732820,-669.0
732814,732817,790.0
732813,732813,-110.0
732811,732812,1227.0
732810,732810,-399.0
732807,732807,667.0
732806,732806,-1063.0
732804,732805,1025.0
732803,732803,-309.0
732798,732800,1643.0
732796,732796,-266.0
732793,732793,163.0
732792,732792,-610.0
732791,732791,604.0
732789,732790,156.0
732785,732786,702.0
732783,732784,118.0
732778,732782,1981.0
732777,732777,-234.0
732769,732776,1567.0
732768,732768,-208.0
732764,732765,1312.0
732762,732763,-281.0
732758,732761,220.0
732757,732757,-207.0
732754,732756,2898.0
732750,732751,-537.0
732749,732749,539.0
732748,732748,-1500.0
732743,732747,1577.0
732742,732742,-557.0
732741,732741,2026.0
732736,732740,326.0
732735,732735,742.0
732734,732734,-3045.0
732733,732733,186.0
732730,732730,-436.0
732728,732729,596.0
732722,732723,-65.0
732720,732721,2063.0
732716,732719,259.0
732715,732715,307.0
732714,732714,-764.0
732706,732713,1775.0
732702,732705,-566.0
732695,732700,2211.0
732694,732694,-263.0
732693,732693,109.0
732691,732692,-116.0
732686,732688,1095.0
732685,732685,-824.0
732684,732684,581.0
732679,732681,-418.0
732678,732678,907.0
732673,732673,-52.0
732671,732672,1171.0
732665,732667,181.0
732664,732664,552.0
732660,732663,72.0
732658,732659,723.0
732657,732657,-279.0
732653,732656,397.0
732651,732652,-126.0
732649,732650,1830.0
732645,732646,-564.0
732643,732644,1057.0
732639,732642,-530.0
732636,732638,1032.0
732631,732632,-1.0
732629,732629,684.0
732624,732628,496.0
732623,732623,292.0
732622,732622,-199.0
732615,732621,2329.0
732611,732614,-115.0
732607,732610,1002.0
732604,732604,-276.0
732603,732603,325.0
732601,732602,116.0
732597,732600,899.0
732595,732595,-330.0
732593,732594,720.0
732590,732590,-36.0
732588,732589,1535.0
732587,732587,-619.0
732586,732586,608.0
732583,732583,-37.0
732579,732582,1687.0
732573,732576,1622.0
732569,732572,331.0
732568,732568,-394.0
732566,732567,773.0
732559,732565,341.0
732555,732558,1460.0
732554,732554,-81.0
732553,732553,10.0
732552,732552,-80.0
732547,732551,863.0
732541,732546,-284.0
732538,732540,1227.0
732534,732537,17.0
732533,732533,99.0
732530,732532,-101.0
732525,732527,994.0
732523,732524,66.0
732519,732520,788.0
732518,732518,-87.0
732516,732517,1157.0
732512,732513,602.0
732510,732511,1908.0
732504,732509,717.0
732502,732503,451.0
732499,732499,-439.0
732498,732498,153.0
732497,732497,-988.0
732490,732496,2994.0
732488,732489,-223.0
732485,732485,347.0
732484,732484,-227.0
732483,732483,915.0
732481,732482,245.0
732476,732478,1550.0
732471,732475,1204.0
732470,732470,176.0
732467,732469,86.0
732462,732464,1525.0
732460,732461,-1247.0
732456,732457,2707.0
732448,732455,3001.0
732447,732447,145.0
732441,732446,1347.0
732435,732440,1063.0
732434,732434,-96.0
732429,732433,1263.0
732428,732428,-659.0
732427,732427,671.0
732421,732426,175.0
732418,732420,1839.0
732414,732414,-344.0
732413,732413,526.0
732408,732412,234.0
732399,732407,2592.0
732398,732398,-958.0
732394,732397,168.0
732393,732393,-376.0
732392,732392,453.0
732391,732391,-806.0
732390,732390,155.0
732386,732387,-22.0
732384,732385,1450.0
732383,732383,-98.0
732380,732380,563.0
732376,732379,969.0
732373,732373,111.0
732372,732372,-56.0
732364,732371,1015.0
732363,732363,-375.0
732356,732362,2418.0
732355,732355,-861.0
732351,732352,470.0
732349,732350,704.0
732348,732348,59.0
732344,732345,1136.0
732341,732343,661.0
732338,732338,-196.0
732335,732337,1380.0
732331,732334,107.0
732330,732330,1045.0
732328,732329,105.0
732324,732327,755.0
732323,732323,-174.0
732322,732322,902.0
732320,732321,-151.0
732317,732317,305.0
732316,732316,-70.0
732309,732315,1860.0
732308,732308,-233.0
732307,732307,74.0
732302,732306,153.0
732300,732301,508.0
732299,732299,-279.0
732296,732296,99.0
732295,732295,-432.0
732289,732294,1143.0
732287,732288,192.0
732286,732286,511.0
732285,732285,-134.0
732279,732282,1468.0
732275,732278,-535.0
732266,732274,1730.0
732261,732264,-80.0
732260,732260,60.0
732259,732259,-305.0
732257,732258,84.0
732254,732254,-192.0
732247,732253,1953.0
732246,732246,-597.0
732245,732245,238.0
732244,732244,-339.0
732240,732243,1489.0
732239,732239,-956.0
732238,732238,225.0
732237,732237,-1173.0
732236,732236,465.0
732232,732233,571.0
732226,732230,1380.0
732223,732225,743.0
732219,732222,649.0
732218,732218,-109.0
732217,732217,438.0
732215,732216,-111.0
732212,732212,611.0
732211,732211,-161.0
732210,732210,778.0
732209,732209,-17.0
732203,732208,1202.0
732201,732202,11.0
732198,732198,471.0
732197,732197,-27.0
732191,732195,879.0
732190,732190,-82.0
732187,732189,910.0
732184,732184,-302.0
732183,732183,690.0
732181,732182,435.0
732180,732180,614.0
732176,732177,230.0
732175,732175,332.0
732174,732174,-296.0
732170,732173,737.0
732168,732169,-292.0
732163,732167,819.0
732161,732162,-169.0
732159,732160,720.0
732156,732156,-23.0
732153,732155,1546.0
732149,732152,-414.0
732147,732148,573.0
732146,732146,-41.0
732145,732145,99.0
732142,732142,-694.0
732138,732141,1460.0
732131,732135,830.0
732128,732128,260.0
732126,732127,60.0
732121,732125,450.0
732117,732120,-439.0
732113,732114,613.0
732112,732112,-263.0
732111,732111,846.0
732110,732110,-53.0
732107,732107,467.0
732100,732106,1719.0
732098,732099,1430.0
732097,732097,-219.0
732093,732096,951.0
732091,732091,-63.0
732090,732090,330.0
732085,732089,48.0
732082,732084,1035.0
732075,732079,1252.0
732072,732072,152.0
732071,732071,-42.0
732069,732070,741.0
732068,732068,-142.0
732065,732065,390.0
732063,732064,-745.0
732061,732062,536.0
732056,732058,209.0
732054,732055,910.0
732049,732051,881.0
732047,732048,322.0
732044,732044,-420.0
732043,732043,613.0
732040,732042,389.0
732035,732037,911.0
732033,732034,31.0
732029,732029,435.0
732023,732028,1107.0
732021,732022,502.0
732020,732020,-519.0
732019,732019,24.0
732016,732016,-492.0
732015,732015,56.0
732012,732014,-64.0
732007,732009,1455.0
732002,732006,-117.0
732000,732001,1690.0
731999,731999,-116.0
731998,731998,123.0
731995,731995,-330.0
731994,731994,706.0
731993,731993,-227.0
731992,731992,78.0
731991,731991,-128.0
731979,731988,2521.0
731978,731978,-243.0
731977,731977,381.0
731973,731974,461.0
731967,731972,902.0
731966,731966,-661.0
731965,731965,180.0
731963,731964,-17.0
731957,731960,620.0
731956,731956,-455.0
731953,731953,371.0
731949,731952,1184.0
731938,731945,483.0
731937,731937,-169.0
731936,731936,353.0
731932,731935,52.0
731925,731931,1310.0
731922,731924,219.0
731918,731921,409.0
731917,731917,-35.0
731915,731916,379.0
731914,731914,-145.0
731909,731911,655.0
731908,731908,-106.0
731907,731907,411.0
731903,731904,-89.0
731902,731902,398.0
731901,731901,-263.0
731894,731897,810.0
731890,731893,-8.0
731883,731889,935.0
731882,731882,-242.0
731880,731881,556.0
731876,731879,194.0
731875,731875,186.0
731873,731874,498.0
731869,731872,450.0
731867,731868,336.0
731865,731865,26.0
731862,731862,-193.0
731861,731861,90.0
731860,731860,-178.0
731854,731859,987.0
731853,731853,-22.0
731852,731852,397.0
731851,731851,-147.0
731847,731848,223.0
731846,731846,-357.0
731845,731845,28.0
731844,731844,-1.0
731838,731841,1261.0
731833,731837,397.0
731830,731832,112.0
731827,731827,-273.0
731826,731826,172.0
731824,731825,-207.0
731820,731823,283.0
731819,731819,-465.0
731817,731818,195.0
731816,731816,-353.0
731809,731813,1791.0
731804,731806,1.0
731803,731803,476.0
731802,731802,-392.0
731799,731799,312.0
731796,731798,-572.0
731789,731795,1118.0
731783,731788,464.0
731782,731782,246.0
731781,731781,-343.0
731777,731778,769.0
731776,731776,-3.0
731774,731775,791.0
731769,731770,-261.0
731761,731767,1310.0
731760,731760,-399.0
731757,731757,42.0
731756,731756,-129.0
731755,731755,637.0
731753,731754,-51.0
731750,731750,3.0
731749,731749,-125.0
731747,731748,961.0
731740,731746,253.0
731736,731739,1036.0
731735,731735,-323.0
731733,731734,165.0
731729,731732,-60.0
731722,731728,1486.0
731721,731721,-448.0
731719,731720,517.0
731718,731718,-487.0
731714,731715,266.0
731713,731713,-217.0
731712,731712,930.0
731707,731711,381.0
731704,731706,379.0
731697,731701,1466.0
731693,731694,512.0
731690,731691,-403.0
731687,731687,42.0
731684,731686,-110.0
731679,731683,329.0
731677,731678,-544.0
731670,731676,1613.0
731669,731669,-13.0
731665,731666,555.0
731659,731664,935.0
731656,731658,1129.0
731655,731655,-542.0
731652,731652,1006.0
731649,731651,413.0
731645,731648,595.0
731644,731644,-149.0
731643,731643,108.0
731642,731642,-54.0
731638,731641,1038.0
731637,731637,-158.0
731631,731636,656.0
731629,731630,-617.0
731628,731628,231.0
731623,731627,330.0
731621,731622,1259.0
731620,731620,-8.0
731617,731617,877.0
731615,731616,11.0
731614,731614,487.0
731607,731613,2444.0
731603,731606,1381.0
731601,731602,48.0
731596,731600,711.0
731593,731595,407.0
731588,731592,919.0
731587,731587,-256.0
731571,731586,2178.0
731568,731568,-103.0
731565,731567,776.0
731561,731564,58.0
731560,731560,325.0
731559,731559,-285.0
731554,731558,840.0
731553,731553,-126.0
731552,731552,78.0
731551,731551,-65.0
731546,731550,825.0
731545,731545,-115.0
731539,731544,984.0
731538,731538,-12.0
731537,731537,144.0
731536,731536,-316.0
731533,731533,223.0
731532,731532,-40.0
731531,731531,385.0
731529,731530,-63.0
731525,731526,364.0
731524,731524,-238.0
731522,731523,556.0
731519,731519,-113.0
731518,731518,149.0
731517,731517,-283.0
731516,731516,478.0
731515,731515,-70.0
731512,731512,127.0
731510,731511,-331.0
731508,731509,658.0
731505,731505,-132.0
731504,731504,11.0
731503,731503,-234.0
731501,731502,501.0
731497,731498,74.0
731489,731496,1778.0
731488,731488,-98.0
731484,731487,303.0
731477,731483,583.0
731475,731476,609.0
731473,731474,-3.0
731468,731470,712.0
731467,731467,-333.0
731456,731466,977.0
731455,731455,-86.0
731453,731454,670.0
731449,731452,-83.0
731434,731448,1766.0
731433,731433,-172.0
731432,731432,119.0
731428,731431,260.0
731427,731427,97.0
731419,731426,92.0
731418,731418,159.0
731417,731417,-118.0
731413,731414,307.0
731412,731412,-126.0
731410,731411,287.0
731406,731407,-56.0
731400,731404,492.0
731399,731399,-174.0
731397,731398,342.0
731393,731396,34.0
731392,731392,81.0
731391,731391,-84.0
731390,731390,115.0
731383,731389,587.0
731382,731382,96.0
731379,731379,-246.0
731378,731378,82.0
731377,731377,-21.0
731376,731376,25.0
731375,731375,-80.0
731369,731372,670.0
731368,731368,-212.0
731362,731365,533.0
731361,731361,-297.0
731356,731358,397.0
731354,731355,425.0
731351,731351,82.0
731350,731350,-335.0
731344,731349,508.0
731343,731343,-48.0
731340,731342,291.0
731335,731335,-156.0
731330,731334,544.0
731328,731329,-189.0
731322,731327,402.0
731321,731321,-77.0
731316,731320,494.0
731312,731315,195.0
731306,731309,747.0
731305,731305,-113.0
731301,731302,152.0
731300,731300,-42.0
731299,731299,185.0
731298,731298,-309.0
731294,731295,367.0
731293,731293,-137.0
731285,731292,814.0
731284,731284,-386.0
731273,731281,711.0
731270,731272,-78.0
731267,731267,109.0
731265,731266,140.0
731263,731264,358.0
731258,731260,381.0
731256,731257,110.0
731252,731253,-165.0
731251,731251,11.0
731249,731250,-269.0
731246,731246,180.0
731245,731245,-122.0
731244,731244,349.0
731239,731243,594.0
731238,731238,14.0
731230,731237,393.0
731229,731229,44.0
731228,731228,-133.0
731224,731225,416.0
731222,731223,45.0
731221,731221,384.0
731218,731218,-32.0
731214,731217,345.0
731207,731211,88.0
731200,731204,794.0
731196,731197,-4.0
731195,731195,274.0
731193,731194,209.0
731190,731190,155.0
731187,731189,-199.0
731181,731186,517.0
731179,731180,50.0
731167,731176,631.0
731166,731166,-143.0
731161,731165,79.0
731155,731160,155.0
731152,731154,567.0
731151,731151,-448.0
731148,731148,208.0
731147,731147,-33.0
731140,731146,1461.0
731139,731139,-139.0
731138,731138,55.0
731134,731137,-393.0
731133,731133,158.0
731130,731132,305.0
731126,731127,397.0
731125,731125,-191.0
731124,731124,356.0
731119,731123,441.0
731118,731118,21.0
731116,731117,214.0
731113,731113,210.0
731109,731112,526.0
731106,731106,25.0
731105,731105,-9.0
731104,731104,215.0
731103,731103,-2.0
731102,731102,229.0
731092,731099,735.0
731091,731091,104.0
731090,731090,-3.0
731088,731089,662.0
731085,731085,-34.0
731083,731084,430.0
731081,731082,-97.0
731078,731078,313.0
731071,731077,821.0
731068,731070,792.0
731067,731067,-378.0
731064,731064,84.0
731063,731063,-22.0
731061,731062,512.0
731056,731060,725.0
731055,731055,198.0
731050,731054,752.0
731048,731049,224.0
731046,731047,265.0
731042,731043,417.0
731041,731041,-134.0
731039,731039,163.0
731032,731036,376.0
731027,731029,459.0
731026,731026,-67.0
731025,731025,321.0
731019,731022,530.0
731018,731018,232.0
731012,731015,372.0
731008,731011,526.0
731007,731007,-478.0
731006,731006,10.0
731001,731005,294.0
730993,730999,608.0
730992,730992,-329.0
730991,730991,27.0
730990,730990,-32.0
730984,730987,646.0
730983,730983,-145.0
730980,730980,24.0
730979,730979,-500.0
730978,730978,264.0
730976,730977,73.0
730973,730973,53.0
730970,730972,-539.0
730969,730969,14.0
730965,730966,-86.0
730964,730964,199.0
730958,730963,470.0
730956,730957,246.0
730955,730955,-300.0
730952,730952,333.0
730951,730951,-8.0
730949,730950,263.0
730945,730948,-2.0
730944,730944,270.0
730942,730943,42.0
730941,730941,211.0
730936,730937,-29.0
730935,730935,261.0
730927,730934,1001.0
730924,730924,245.0
730923,730923,-123.0
730921,730922,517.0
730920,730920,-263.0
730917,730917,179.0
730914,730916,502.0
730910,730913,394.0
730909,730909,-183.0
730908,730908,234.0
730907,730907,-11.0
730901,730906,943.0
730899,730900,-47.0
730894,730896,723.0
730888,730889,-18.0
730886,730887,191.0
730885,730885,-135.0
730880,730881,178.0
730874,730879,-273.0
730873,730873,207.0
730871,730872,39.0
730866,730868,339.0
730864,730865,352.0
730861,730861,33.0
730858,730860,-87.0
730852,730857,560.0
730847,730847,-163.0
730846,730846,385.0
730845,730845,-9.0
730840,730840,434.0
730838,730839,-238.0
730837,730837,462.0
730832,730836,546.0
730831,730831,213.0
730830,730830,-107.0
730829,730829,147.0
730826,730826,-266.0
730824,730825,353.0
730823,730823,-227.0
730819,730822,610.0
730816,730818,419.0
730810,730815,1077.0
730809,730809,-354.0
730805,730808,126.0
730803,730803,-102.0
730802,730802,327.0
730801,730801,-162.0
730798,730798,189.0
730797,730797,-79.0
730789,730796,1583.0
730787,730788,97.0
730783,730784,321.0
730781,730782,-57.0
730777,730780,686.0
730774,730776,-181.0
730767,730773,1230.0
730766,730766,-25.0
730763,730763,129.0
730759,730762,217.0
730755,730756,633.0
730753,730754,89.0
730752,730752,80.0
730748,730749,102.0
730745,730747,714.0
730741,730742,593.0
730740,730740,340.0
730727,730738,540.0
730725,730726,50.0
730724,730724,-4.0
730721,730721,252.0
730720,730720,-210.0
730719,730719,45.0
730718,730718,-230.0
730717,730717,71.0
730712,730714,-111.0
730711,730711,59.0
730710,730710,-143.0
730707,730707,79.0
730705,730706,30.0
730703,730703,191.0
730700,730700,-2.0
730699,730699,77.0
730698,730698,-14.0
730697,730697,51.0
730696,730696,-244.0
730693,730693,85.0
730692,730692,-153.0
730691,730691,218.0
730689,730690,-271.0
730686,730686,326.0
730684,730685,347.0
730683,730683,356.0
730682,730682,-270.0
730677,730679,579.0
730668,730676,327.0
730664,730665,218.0
730658,730663,222.0
730655,730657,490.0
730651,730654,-226.0
730649,730649,228.0
730644,730648,105.0
730643,730643,145.0
730642,730642,-64.0
730634,730641,1050.0
730627,730633,808.0
730620,730626,903.0
730616,730619,257.0
730614,730615,259.0
730609,730613,163.0
730607,730608,256.0
730605,730605,-26.0
730598,730602,1163.0
730594,730595,-187.0
730593,730593,610.0
730591,730592,423.0
730587,730587,158.0
730586,730586,-238.0
730579,730585,1303.0
730577,730578,209.0
730574,730574,146.0
730572,730573,-151.0
730567,730571,736.0
730565,730566,-719.0
730564,730564,49.0
730563,730563,-413.0
730560,730560,161.0
730558,730559,147.0
730557,730557,48.0
730552,730556,-314.0
730551,730551,66.0
730549,730550,-166.0
730545,730546,684.0
730544,730544,-267.0
730538,730539,544.0
730531,730537,901.0
730529,730530,216.0
730525,730528,-127.0
730524,730524,429.0
730523,730523,-191.0
730522,730522,273.0
730514,730521,794.0
730511,730511,113.0
730509,730509,-77.0
730508,730508,451.0
730507,730507,-156.0
730502,730504,765.0
730501,730501,-252.0
730500,730500,105.0
730497,730497,-184.0
730496,730496,116.0
730495,730495,-45.0
730493,730494,574.0
730490,730490,-269.0
730476,730489,2138.0
730474,730475,462.0
730472,730473,332.0
730468,730469,-263.0
730467,730467,375.0
730466,730466,-280.0
730461,730465,1231.0
730460,730460,-235.0
730455,730459,917.0
730451,730454,70.0
730448,730448,20.0
730446,730447,-76.0
730444,730445,464.0
730440,730441,-100.0
730438,730438,145.0
730437,730437,-234.0
730434,730434,84.0
730432,730433,183.0
730430,730431,456.0
730424,730427,-135.0
730419,730423,1143.0
730413,730418,944.0
730412,730412,355.0
730399,730411,1008.0
730396,730398,780.0
730392,730395,-299.0
730391,730391,165.0
730388,730390,-335.0
730384,730385,341.0
730383,730383,-118.0
730382,730382,265.0
730377,730381,-178.0
730376,730376,111.0
730371,730375,-86.0
730369,730369,148.0
730368,730368,-189.0
730364,730367,253.0
730363,730363,-70.0
730362,730362,55.0
730360,730361,98.0
730357,730357,327.0
730356,730356,-143.0
730354,730355,335.0
730350,730353,155.0
730349,730349,377.0
730347,730348,-343.0
730342,730346,1274.0
730340,730341,-240.0
730334,730339,761.0
730328,730333,482.0
730327,730327,72.0
730326,730326,-341.0
730321,730325,436.0
730319,730320,-416.0
730315,730318,940.0
730314,730314,-613.0
730313,730313,160.0
730311,730312,-444.0
730307,730308,447.0
730306,730306,-150.0
730301,730305,839.0
730300,730300,-423.0
730299,730299,310.0
730297,730298,1.0
730292,730294,400.0
730291,730291,-10.0
730290,730290,427.0
730287,730287,-142.0
730284,730286,447.0
730280,730283,-175.0
730278,730279,430.0
730276,730277,128.0
730272,730273,1187.0
730271,730271,-294.0
730266,730270,1004.0
730265,730265,-1.0
730264,730264,574.0
730257,730263,1141.0
730255,730256,873.0
730252,730252,-37.0
730251,730251,52.0
730248,730250,508.0
730245,730245,251.0
730242,730244,347.0
730238,730238,88.0
730237,730237,-6.0
730235,730236,648.0
730234,730234,-410.0
730230,730230,265.0
730229,730229,-512.0
730227,730228,646.0
730220,730224,1320.0
730216,730217,791.0
730213,730215,1028.0
730210,730210,160.0
730207,730209,494.0
730202,730206,636.0
730201,730201,-32.0
730199,730200,830.0
730196,730196,-143.0
730194,730195,398.0
730189,730193,681.0
730188,730188,365.0
730187,730187,-334.0
730179,730182,1066.0
730178,730178,-244.0
730175,730175,3.0
730174,730174,-70.0
730173,730173,344.0
730172,730172,-209.0
730171,730171,74.0
730167,730168,-217.0
730165,730166,294.0
730161,730164,288.0
730160,730160,237.0
730159,730159,-398.0
730151,730158,2107.0
730146,730150,93.0
730145,730145,133.0
730137,730143,981.0
730131,730136,1405.0
730130,730130,-472.0
730126,730129,881.0
730125,730125,-130.0
730124,730124,374.0
730122,730123,-889.0
730104,730118,2671.0
730102,730103,-155.0
730096,730101,487.0
730094,730095,27.0
730089,730091,597.0
730087,730088,-30.0
730083,730084,501.0
730082,730082,-177.0
730081,730081,120.0
730080,730080,-30.0
730076,730077,647.0
730075,730075,-319.0
730074,730074,6.0
730070,730070,-75.0
730068,730069,313.0
730067,730067,-92.0
730059,730066,1271.0
730056,730056,-17.0
730053,730055,247.0
730052,730052,-65.0
730049,730049,202.0
730048,730048,-27.0
730046,730047,283.0
730042,730045,-7.0
730041,730041,29.0
730040,730040,-168.0
730035,730038,127.0
730034,730034,-11.0
730033,730033,418.0
730032,730032,-127.0
730031,730031,76.0
730024,730028,330.0
730021,730021,151.0
730020,730020,-146.0
730019,730019,83.0
730018,730018,-139.0
730014,730017,487.0
730011,730013,50.0
730006,730010,384.0
730005,730005,-95.0
729997,730003,670.0
729996,729996,-23.0
729993,729993,48.0
729992,729992,-204.0
729985,729991,958.0
729982,729984,61.0
729979,729979,133.0
729978,729978,-97.0
729977,729977,301.0
729972,729976,137.0
729971,729971,72.0
729970,729970,-99.0
729969,729969,55.0
729963,729968,93.0
729962,729962,60.0
729957,729961,5.0
729956,729956,29.0
729955,729955,-179.0
729951,729954,93.0
729950,729950,-20.0
729948,729949,73.0
729942,729942,74.0
729941,729941,-256.0
729933,729940,710.0
729927,729930,371.0
729923,729926,358.0
729922,729922,-13.0
729920,729921,551.0
729916,729919,11.0
729915,729915,231.0
729912,729914,53.0
729909,729909,236.0
729906,729907,-16.0
729905,729905,158.0
729901,729902,308.0
729900,729900,635.0
729893,729899,579.0
729892,729892,116.0
729888,729891,-116.0
729887,729887,311.0
729885,729886,-4.0
729879,729884,1134.0
729878,729878,-171.0
729874,729877,372.0
729873,729873,-63.0
729871,729872,322.0
729867,729870,-189.0
729866,729866,80.0
729863,729864,131.0
729860,729860,177.0
729859,729859,-60.0
729858,729858,87.0
729857,729857,-111.0
729856,729856,224.0
729852,729853,-114.0
729849,729851,788.0
729844,729844,-333.0
729842,729843,162.0
729839,729839,-72.0
729837,729838,501.0
729832,729836,261.0
729831,729831,259.0
729830,729830,-23.0
729828,729829,1032.0
729824,729825,-37.0
729823,729823,293.0
729822,729822,-302.0
729821,729821,321.0
729818,729818,-44.0
729816,729817,437.0
729815,729815,-129.0
729811,729814,522.0
729810,729810,-281.0
729809,729809,11.0
729808,729808,-132.0
729804,729807,214.0
729803,729803,-115.0
729802,729802,22.0
729797,729797,-39.0
729795,729796,321.0
729794,729794,-167.0
729793,729793,389.0
729787,729790,116.0
729780,729786,1567.0
729775,729776,226.0
729769,729774,2583.0
729761,729768,649.0
729753,729760,613.0
729751,729752,95.0
729746,729746,61.0
729745,729745,-87.0
729740,729744,583.0
729739,729739,-315.0
729738,729738,350.0
729731,729737,140.0
729730,729730,319.0
729723,729727,1306.0
729718,729720,487.0
729717,729717,-29.0
729713,729716,318.0
729712,729712,-229.0
729706,729711,1076.0
729703,729705,187.0
729692,729702,1611.0
729685,729691,493.0
729681,729684,895.0
729678,729678,-167.0
729677,729677,429.0
729676,729676,-172.0
729670,729675,456.0
729669,729669,-179.0
729668,729668,197.0
729667,729667,-231.0
729664,729664,449.0
729662,729663,-360.0
729660,729661,114.0
729656,729657,314.0
729654,729655,828.0
729653,729653,-257.0
729650,729650,278.0
729648,729649,-181.0
729643,729647,2143.0
729634,729642,345.0
729633,729633,445.0
729632,729632,-274.0
729629,729629,129.0
729620,729628,378.0
729619,729619,33.0
729618,729618,-134.0
729614,729615,327.0
729601,729613,1694.0
729599,729600,619.0
729590,729598,247.0
729583,729587,662.0
729580,729580,-9.0
729577,729578,318.0
729576,729576,-98.0
729573,729573,215.0
729572,729572,-14.0
729569,729571,451.0
729564,729566,345.0
729563,729563,315.0
729562,729562,-64.0
729559,729559,148.0
729558,729558,-358.0
729556,729557,653.0
729549,729555,441.0
729544,729548,684.0
729543,729543,-294.0
729542,729542,541.0
729538,729541,160.0
729536,729537,716.0
729530,729535,-186.0
729528,729529,199.0
729527,729527,-701.0
729524,729524,170.0
729520,729523,396.0
729517,729517,155.0
729515,729516,288.0
729514,729514,48.0
729513,729513,-212.0
729507,729509,616.0
729506,729506,-563.0
729503,729503,180.0
729501,729502,-113.0
729496,729499,184.0
729495,729495,-159.0
729487,729494,602.0
729486,729486,-146.0
729485,729485,311.0
729482,729482,-221.0
729481,729481,108.0
729480,729480,-113.0
729479,729479,194.0
729475,729478,-107.0
729474,729474,256.0
729472,729473,-65.0
729468,729471,328.0
729466,729467,-11.0
729460,729465,727.0
729457,729459,68.0
729453,729454,410.0
729452,729452,-40.0
729447,729451,696.0
729446,729446,-69.0
729439,729445,570.0
729438,729438,-123.0
729437,729437,186.0
729436,729436,-132.0
729433,729433,100.0
729432,729432,-136.0
729431,729431,207.0
729430,729430,-35.0
729426,729429,319.0
729424,729425,-126.0
729422,729423,502.0
729418,729419,4.0
729417,729417,122.0
729412,729416,394.0
729411,729411,475.0
729409,729410,66.0
729404,729408,663.0
729403,729403,-395.0
729401,729402,974.0
729395,729398,436.0
729391,729394,463.0
729388,729388,-11.0
729384,729387,408.0
729381,729381,-87.0
729377,729380,584.0
729375,729376,-302.0
729369,729374,1170.0
729366,729368,-10.0
729363,729363,134.0
729361,729362,-86.0
729359,729360,566.0
729356,729356,-228.0
729353,729355,757.0
729352,729352,-350.0
729349,729349,233.0
729348,729348,-290.0
729341,729347,2321.0
729339,729340,-378.0
729338,729338,183.0
729334,729335,-47.0
729331,729333,1567.0
729326,729328,1282.0
729325,729325,1883.0
729320,729324,91.0
729318,729319,433.0
729310,729317,734.0
729306,729307,487.0
729300,729305,514.0
729298,729299,598.0
729297,729297,-43.0
729293,729296,229.0
729286,729292,604.0
729283,729285,1042.0
729277,729282,310.0
729276,729276,163.0
729275,729275,-335.0
729272,729272,373.0
729264,729271,1857.0
729263,729263,130.0
729262,729262,-25.0
729258,729261,238.0
729255,729257,605.0
729254,729254,393.0
729243,729251,952.0
729242,729242,299.0
729229,729241,1323.0
729228,729228,668.0
729222,729227,1625.0
729221,729221,1023.0
729215,729220,223.0
729199,729212,867.0
729198,729198,118.0
729192,729195,39.0
729174,729185,695.0
729172,729172,168.0
729171,729171,-1.0
729165,729167,195.0
729163,729163,-50.0
729160,729160,145.0
729121,729159,1819.0
729086,729117,4426.0
729069,729082,5508.0
729068,729068,943.0
729016,729067,11003.0
728968,729012,11984.0
728964,728967,1253.0
728962,728963,-34.0
728961,728961,1487.0
728953,728960,1896.0
728950,728950,321.0
728947,728949,241.0
728941,728943,69.0
728940,728940,243.0
728934,728939,240.0
728933,728933,749.0
728929,728932,473.0
728928,728928,220.0
728906,728927,3527.0
728905,728905,375.0
728842,728904,33934.0
728841,728841,1123.0
728829,728838,1634.0
728828,728828,297.0
728827,728827,-30.0
728779,728823,11954.0
728775,728775,-186.0
728730,728773,8945.0
728729,728729,499.0
728724,728726,3969.0
728722,728723,1146.0
728718,728719,2042.0
728717,728717,63.0
728715,728716,-230.0
728711,728712,944.0
728703,728705,92.0
728701,728702,802.0
728698,728698,-172.0
728697,728697,396.0
728696,728696,-711.0
728695,728695,212.0
728694,728694,-780.0
728689,728691,2774.0
728688,728688,-144.0
728687,728687,271.0
728680,728684,240.0
728677,728677,751.0
728674,728676,569.0
728669,728673,2732.0
728666,728668,1106.0
728660,728663,3928.0
728653,728655,-109.0
728647,728649,3047.0
728641,728646,2857.0
728638,728640,705.0
728635,728635,-195.0
728633,728634,377.0
728628,728632,-87.0
728626,728627,3265.0
728625,728625,-554.0
728624,728624,236.0
728621,728621,-1094.0
728618,728620,2249.0
728617,728617,-975.0
728611,728614,2845.0
728606,728610,-72.0
728604,728605,275.0
728603,728603,-645.0
728600,728600,590.0
728598,728598,-286.0
728597,728597,593.0
728596,728596,-715.0
728593,728593,803.0
728589,728592,415.0
728586,728586,838.0
728584,728585,26.0
728577,728583,2115.0
728575,728576,107.0
728571,728572,883.0
728568,728570,880.0
728563,728565,1361.0
728556,728562,2470.0
728554,728555,594.0
728551,728551,-87.0
728547,728550,2789.0
728542,728544,-53.0
728536,728541,3270.0
728534,728535,155.0
728530,728533,700.0
728529,728529,-262.0
728520,728528,3900.0
728516,728519,322.0
728515,728515,572.0
728513,728514,521.0
728507,728512,5231.0
728502,728506,287.0
728501,728501,341.0
728500,728500,-391.0
728498,728499,555.0
728495,728495,-766.0
728494,728494,1096.0
728491,728493,178.0
728488,728488,193.0
728487,728487,-190.0
728486,728486,1373.0
728484,728485,-659.0
728478,728481,3673.0
728473,728477,1030.0
728471,728472,1243.0
728466,728470,-26.0
728465,728465,547.0
728463,728464,-974.0
728460,728460,529.0
728458,728458,-1243.0
728456,728457,1186.0
728453,728453,-1478.0
728452,728452,103.0
728450,728451,44.0
728444,728449,3560.0
728438,728443,138.0
728435,728437,1496.0
728432,728432,-581.0
728430,728431,1730.0
728428,728429,454.0
728425,728425,472.0
728423,728424,-843.0
728422,728422,1512.0
728418,728421,-583.0
728415,728417,2302.0
728411,728411,-374.0
728395,728410,8333.0
728390,728394,338.0
728387,728389,3610.0
728380,728386,3078.0
728375,728379,3684.0
728374,728374,-22.0
728373,728373,1360.0
728369,728372,496.0
728368,728368,2023.0
728367,728367,-775.0
728366,728366,3460.0
728365,728365,-153.0
728362,728362,5479.0
728354,728361,6826.0
728346,728348,4778.0
728344,728345,-1068.0
728341,728341,1595.0
728330,728340,6694.0
728327,728327,465.0
728326,728326,-919.0
728324,728325,4091.0
728320,728323,-610.0
728317,728319,1684.0
728316,728316,-1038.0
728313,728313,529.0
728311,728312,-1378.0
728310,728310,1534.0
728309,728309,-474.0
728304,728306,8338.0
728299,728303,511.0
728298,728298,688.0
728295,728297,1947.0
728290,728291,2402.0
728288,728289,-915.0
728285,728285,1302.0
728282,728284,3803.0
728278,728281,802.0
728277,728277,-1342.0
728274,728276,2456.0
728271,728271,-374.0
728270,728269,1957.0
728268,728268,-584.0
728267,728267,1060.0
728264,728262,-1072.0
728261,728260,2733.0
728257,728257,-1747.0
728256,728256,1804.0
728255,728255,-1018.0
728254,728254,113.0
728253,728249,474.0
728248,728248,409.0
728246,728243,373.0
728242,728241,2105.0
728240,728240,-267.0
728239,728236,3008.0
728235,728232,-192.0
728229,728226,5835.0
728225,728220,1299.0
728219,728219,1252.0
728218,728215,614.0
728214,728214,186.0
728212,728212,-1061.0
728211,728211,1554.0
728208,728205,4019.0
728201,728199,2665.0
728198,728197,1405.0
728194,728192,2381.0
728191,728190,-1125.0
728187,728187,62.0
728186,728185,-1543.0
728184,728177,7070.0
728176,728173,-4443.0
728172,728172,1074.0
728171,728171,-502.0
728170,728169,1654.0
728166,728166,-1403.0
728165,728165,1469.0
728164,728163,-145.0
728162,728152,9220.0
728151,728149,183.0
728148,728145,2259.0
728144,728144,-372.0
728143,728142,2402.0
728141,728138,48.0
728137,728134,2688.0
728131,728130,-118.0
728129,728129,1639.0
728128,728127,-1360.0
728124,728123,2390.0
728122,728120,532.0
728117,728115,4876.0
728114,728109,2309.0
728108,728106,7188.0
728103,728102,282.0
728101,728101,16.0
728100,728100,-1103.0
728099,728096,2040.0
728095,728095,-359.0
728094,728093,1229.0
728092,728092,-735.0
728089,728088,1986.0
728087,728087,-987.0
728086,728065,13579.0
728064,728061,286.0
728060,728060,917.0
728059,728059,-19.0
728058,728058,1262.0
728057,728057,-885.0
728054,728054,624.0
728053,728051,260.0
728050,728040,4418.0
728038,728030,2522.0
728029,728023,3046.0
728022,728022,-1606.0
728017,728017,748.0
728016,728016,-285.0
728015,728012,927.0
728011,728011,-391.0
728010,728009,1449.0
728008,728004,156.0
728003,727990,3869.0
727989,727989,-518.0
727988,727984,753.0
727983,727983,-650.0
727982,727981,1344.0
727980,727977,797.0
727976,727963,2425.0
727962,727961,-209.0
727960,727956,1424.0
727955,727955,-204.0
727954,727952,157.0
727949,727949,-5.0
727948,727945,1386.0
727942,727942,-106.0
727941,727913,2605.0
727912,727912,-37.0
727911,727907,202.0
727906,727904,-15.0
727903,727899,292.0
727898,727896,12.0
727893,727890,348.0
727889,727886,-9.0
727885,727872,532.0
727871,727870,-13.0
727868,727865,261.0
727864,727864,-23.0
727863,727862,237.0
727861,727861,-108.0
727858,727858,166.0
727857,727856,-1.0
727855,727855,53.0
727854,727854,-180.0
727851,727841,422.0
727840,727840,-11.0
727837,727837,17.0
727836,727836,-8.0
727835,727834,82.0
727833,727830,-33.0
727829,727828,83.0
727827,727826,-26.0
727823,727821,186.0
727820,727820,-29.0
727819,727807,244.0
727806,727806,-34.0
727805,727794,203.0
727793,727793,-7.0
727792,727791,75.0
727788,727788,-13.0
727787,727780,122.0
727779,727774,27.0
727773,727771,43.0
727770,727770,-17.0
727767,727767,18.0
727766,727766,-6.0
727765,727760,52.0
727759,727758,15.0
727757,727753,33.0
727752,727752,-4.0
727751,727746,32.0
727745,727745,-14.0
727744,727744,8.0
727743,727743,-7.0
727742,727738,55.0
727737,727737,-14.0
727736,727732,24.0
727731,727731,-23.0
727730,727725,48.0
727723,727722,-5.0
727721,727711,59.0
727710,727710,-2.0
727709,727694,98.0
727693,727693,-6.0
727690,727689,12.0
727688,727688,-3.0
727687,727683,12.0
