Data;Fechamento
1993-04-27;0.0113
1993-04-28;0.0114
1993-04-29;0.0116
1993-04-30;0.0117
1993-05-03;0.0119
1993-05-04;0.0120
1993-05-05;0.0122
1993-05-06;0.0123
1993-05-07;0.0125
1993-05-10;0.0128
1993-05-11;0.0128
1993-05-12;0.0129
1993-05-13;0.0131
1993-05-14;0.0133
1993-05-17;0.0134
1993-05-18;0.0136
1993-05-19;0.0137
1993-05-20;0.0139
1993-05-21;0.0141
1993-05-24;0.0143
1993-05-25;0.0144
1993-05-26;0.0146
1993-05-27;0.0150
1993-05-28;0.0152
1993-05-31;0.0152
1993-06-01;0.0154
1993-06-02;0.0156
1993-06-03;0.0158
1993-06-04;0.0160
1993-06-07;0.0162
1993-06-08;0.0164
1993-06-09;0.0166
1993-06-11;0.0168
1993-06-14;0.0170
1993-06-15;0.0172
1993-06-16;0.0175
1993-06-17;0.0177
1993-06-18;0.0179
1993-06-21;0.0181
1993-06-22;0.0184
1993-06-23;0.0186
1993-06-24;0.0188
1993-06-25;0.0190
1993-06-28;0.0193
1993-06-29;0.0195
1993-06-30;0.0198
1993-07-01;0.0202
1993-07-02;0.0205
1993-07-05;0.0205
1993-07-06;0.0207
1993-07-07;0.0210
1993-07-08;0.0213
1993-07-09;0.0215
1993-07-12;0.0218
1993-07-13;0.0221
1993-07-14;0.0223
1993-07-15;0.0226
1993-07-16;0.0229
1993-07-19;0.0232
1993-07-20;0.0234
1993-07-21;0.0237
1993-07-22;0.0240
1993-07-23;0.0243
1993-07-26;0.0246
1993-07-27;0.0249
1993-07-28;0.0252
1993-07-29;0.0255
1993-07-30;0.0259
1993-08-02;0.0262
1993-08-03;0.0265
1993-08-04;0.0269
1993-08-05;0.0272
1993-08-06;0.0276
1993-08-09;0.0279
1993-08-10;0.0283
1993-08-11;0.0287
1993-08-12;0.0290
1993-08-13;0.0294
1993-08-16;0.0298
1993-08-17;0.0302
1993-08-18;0.0305
1993-08-19;0.0309
1993-08-20;0.0313
1993-08-23;0.0317
1993-08-24;0.0322
1993-08-25;0.0326
1993-08-26;0.0330
1993-08-27;0.0335
1993-08-30;0.0339
1993-08-31;0.0344
1993-09-01;0.0349
1993-09-02;0.0359
1993-09-03;0.0364
1993-09-06;0.0364
1993-09-08;0.0369
1993-09-09;0.0374
1993-09-10;0.0380
1993-09-13;0.0385
1993-09-14;0.0391
1993-09-15;0.0396
1993-09-16;0.0402
1993-09-17;0.0408
1993-09-20;0.0414
1993-09-21;0.0419
1993-09-22;0.0426
1993-09-23;0.0432
1993-09-24;0.0438
1993-09-27;0.0445
1993-09-28;0.0452
1993-09-29;0.0459
1993-09-30;0.0466
1993-10-01;0.0473
1993-10-04;0.0480
1993-10-05;0.0488
1993-10-06;0.0495
1993-10-07;0.0511
1993-10-08;0.0518
1993-10-11;0.0518
1993-10-13;0.0526
1993-10-14;0.0535
1993-10-15;0.0543
1993-10-18;0.0551
1993-10-19;0.0560
1993-10-20;0.0568
1993-10-21;0.0577
1993-10-22;0.0586
1993-10-25;0.0595
1993-10-26;0.0604
1993-10-27;0.0614
1993-10-28;0.0623
1993-10-29;0.0633
1993-11-01;0.0643
1993-11-03;0.0652
1993-11-04;0.0663
1993-11-05;0.0673
1993-11-08;0.0683
1993-11-09;0.0704
1993-11-10;0.0715
1993-11-11;0.0715
1993-11-12;0.0726
1993-11-16;0.0737
1993-11-17;0.0749
1993-11-18;0.0760
1993-11-19;0.0772
1993-11-22;0.0784
1993-11-23;0.0808
1993-11-24;0.0821
1993-11-25;0.0821
1993-11-26;0.0834
1993-11-29;0.0847
1993-11-30;0.0858
1993-12-01;0.0870
1993-12-02;0.0881
1993-12-03;0.0893
1993-12-06;0.0905
1993-12-07;0.0917
1993-12-08;0.0930
1993-12-09;0.0942
1993-12-10;0.0955
1993-12-13;0.0968
1993-12-14;0.0982
1993-12-15;0.0996
1993-12-16;0.1010
1993-12-17;0.1024
1993-12-20;0.1039
1993-12-21;0.1053
1993-12-22;0.1069
1993-12-23;0.1084
1993-12-27;0.1115
1993-12-28;0.1132
1993-12-29;0.1149
1993-12-30;0.1167
1993-12-31;0.1186
1994-01-03;0.1204
1994-01-04;0.1224
1994-01-05;0.1243
1994-01-06;0.1263
1994-01-07;0.1283
1994-01-10;0.1303
1994-01-11;0.1324
1994-01-12;0.1344
1994-01-13;0.1387
1994-01-14;0.1409
1994-01-17;0.1409
1994-01-18;0.1432
1994-01-19;0.1456
1994-01-20;0.1480
1994-01-21;0.1504
1994-01-24;0.1529
1994-01-25;0.1555
1994-01-26;0.1582
1994-01-27;0.1609
1994-01-28;0.1637
1994-01-31;0.1668
1994-02-01;0.1700
1994-02-02;0.1732
1994-02-03;0.1765
1994-02-04;0.1798
1994-02-07;0.1832
1994-02-08;0.1866
1994-02-09;0.1902
1994-02-10;0.1937
1994-02-11;0.1973
1994-02-16;0.2010
1994-02-17;0.2085
1994-02-18;0.2124
1994-02-21;0.2124
1994-02-22;0.2162
1994-02-23;0.2201
1994-02-24;0.2242
1994-02-25;0.2283
1994-02-28;0.2317
1994-03-01;0.2354
1994-03-02;0.2391
1994-03-03;0.2427
1994-03-04;0.2465
1994-03-07;0.2503
1994-03-08;0.2542
1994-03-09;0.2581
1994-03-10;0.2621
1994-03-11;0.2662
1994-03-14;0.2704
1994-03-15;0.2747
1994-03-16;0.2791
1994-03-17;0.2835
1994-03-18;0.2880
1994-03-21;0.2929
1994-03-22;0.2981
1994-03-23;0.3034
1994-03-24;0.3087
1994-03-25;0.3142
1994-03-28;0.3198
1994-03-29;0.3254
1994-03-30;0.3321
1994-04-04;0.3385
1994-04-05;0.3450
1994-04-06;0.3517
1994-04-07;0.3584
1994-04-08;0.3653
1994-04-11;0.3723
1994-04-12;0.3795
1994-04-13;0.3868
1994-04-14;0.3942
1994-04-15;0.4018
1994-04-18;0.4095
1994-04-19;0.4174
1994-04-20;0.4253
1994-04-22;0.4334
1994-04-25;0.4414
1994-04-26;0.4494
1994-04-27;0.4575
1994-04-28;0.4653
1994-04-29;0.4735
1994-05-02;0.4813
1994-05-03;0.4891
1994-05-04;0.4971
1994-05-05;0.5053
1994-05-06;0.5136
1994-05-09;0.5220
1994-05-10;0.5307
1994-05-11;0.5396
1994-05-12;0.5487
1994-05-13;0.5579
1994-05-16;0.5673
1994-05-17;0.5769
1994-05-18;0.5866
1994-05-19;0.5965
1994-05-20;0.6066
1994-05-23;0.6168
1994-05-24;0.6272
1994-05-25;0.6378
1994-05-26;0.6483
1994-05-27;0.6590
1994-05-30;0.6705
1994-05-31;0.6819
1994-06-01;0.6939
1994-06-03;0.7060
1994-06-06;0.7184
1994-06-07;0.7309
1994-06-08;0.7439
1994-06-09;0.7571
1994-06-10;0.7706
1994-06-13;0.7844
1994-06-14;0.7985
1994-06-15;0.8129
1994-06-16;0.8278
1994-06-17;0.8430
1994-06-20;0.8586
1994-06-21;0.8748
1994-06-22;0.8916
1994-06-23;0.9087
1994-06-24;0.9261
1994-06-27;0.9441
1994-06-28;0.9625
1994-06-29;0.9813
1994-06-30;1.0000
1994-07-01;1.0000
1994-07-04;0.9400
1994-07-05;0.9320
1994-07-06;0.9150
1994-07-07;0.9100
1994-07-08;0.9200
1994-07-11;0.9230
1994-07-12;0.9200
1994-07-13;0.9200
1994-07-14;0.9250
1994-07-15;0.9350
1994-07-18;0.9350
1994-07-19;0.9350
1994-07-20;0.9320
1994-07-21;0.9320
1994-07-22;0.9370
1994-07-25;0.9360
1994-07-26;0.9340
1994-07-27;0.9360
1994-07-28;0.9400
1994-07-29;0.9400
1994-08-01;0.9320
1994-08-02;0.9200
1994-08-03;0.9100
1994-08-04;0.9100
1994-08-05;0.9120
1994-08-08;0.9060
1994-08-09;0.8910
1994-08-10;0.8920
1994-08-11;0.8940
1994-08-12;0.9060
1994-08-15;0.9010
1994-08-16;0.8960
1994-08-17;0.9010
1994-08-18;0.8970
1994-08-19;0.8940
1994-08-22;0.8870
1994-08-23;0.8870
1994-08-24;0.8840
1994-08-25;0.8880
1994-08-26;0.8880
1994-08-29;0.8960
1994-08-30;0.8870
1994-08-31;0.8890
1994-09-01;0.8850
1994-09-02;0.8860
1994-09-05;0.8920
1994-09-06;0.8860
1994-09-08;0.8810
1994-09-09;0.8720
1994-09-12;0.8530
1994-09-13;0.8600
1994-09-14;0.8550
1994-09-15;0.8570
1994-09-16;0.8570
1994-09-19;0.8540
1994-09-20;0.8540
1994-09-21;0.8570
1994-09-22;0.8550
1994-09-23;0.8570
1994-09-26;0.8620
1994-09-27;0.8680
1994-09-28;0.8640
1994-09-29;0.8610
1994-09-30;0.8530
1994-10-04;0.8490
1994-10-05;0.8470
1994-10-06;0.8460
1994-10-07;0.8440
1994-10-10;0.8390
1994-10-11;0.8350
1994-10-13;0.8360
1994-10-14;0.8290
1994-10-17;0.8290
1994-10-18;0.8470
1994-10-19;0.8530
1994-10-20;0.8560
1994-10-21;0.8530
1994-10-24;0.8530
1994-10-25;0.8540
1994-10-26;0.8560
1994-10-27;0.8520
1994-10-28;0.8500
1994-10-31;0.8460
1994-11-01;0.8450
1994-11-03;0.8460
1994-11-04;0.8450
1994-11-07;0.8400
1994-11-08;0.8340
1994-11-09;0.8310
1994-11-10;0.8340
1994-11-11;0.8380
1994-11-14;0.8380
1994-11-16;0.8330
1994-11-17;0.8330
1994-11-18;0.8360
1994-11-21;0.8350
1994-11-22;0.8360
1994-11-23;0.8430
1994-11-24;0.8540
1994-11-25;0.8590
1994-11-28;0.8570
1994-11-29;0.8530
1994-11-30;0.8450
1994-12-01;0.8480
1994-12-02;0.8570
1994-12-05;0.8580
1994-12-06;0.8460
1994-12-07;0.8470
1994-12-08;0.8470
1994-12-09;0.8480
1994-12-12;0.8440
1994-12-13;0.8430
1994-12-14;0.8470
1994-12-15;0.8510
1994-12-16;0.8490
1994-12-19;0.8480
1994-12-20;0.8500
1994-12-21;0.8530
1994-12-22;0.8600
1994-12-23;0.8550
1994-12-26;0.8500
1994-12-27;0.8520
1994-12-28;0.8560
1994-12-29;0.8480
1994-12-30;0.8460
1995-01-02;0.8450
1995-01-03;0.8460
1995-01-04;0.8460
1995-01-05;0.8440
1995-01-06;0.8410
1995-01-09;0.8460
1995-01-10;0.8480
1995-01-11;0.8510
1995-01-12;0.8460
1995-01-13;0.8470
1995-01-16;0.8500
1995-01-17;0.8460
1995-01-18;0.8460
1995-01-19;0.8480
1995-01-20;0.8480
1995-01-23;0.8520
1995-01-24;0.8540
1995-01-25;0.8530
1995-01-26;0.8460
1995-01-27;0.8450
1995-01-30;0.8470
1995-01-31;0.8420
1995-02-01;0.8430
1995-02-02;0.8400
1995-02-03;0.8400
1995-02-06;0.8380
1995-02-07;0.8370
1995-02-08;0.8360
1995-02-09;0.8340
1995-02-10;0.8350
1995-02-13;0.8340
1995-02-14;0.8350
1995-02-15;0.8370
1995-02-16;0.8450
1995-02-17;0.8500
1995-02-20;0.8420
1995-02-21;0.8430
1995-02-22;0.8480
1995-02-23;0.8450
1995-02-24;0.8510
1995-03-01;0.8500
1995-03-02;0.8530
1995-03-03;0.8580
1995-03-06;0.8680
1995-03-07;0.8860
1995-03-08;0.8860
1995-03-09;0.8880
1995-03-10;0.8800
1995-03-13;0.8805
1995-03-14;0.8810
1995-03-15;0.8840
1995-03-16;0.8950
1995-03-17;0.8900
1995-03-20;0.9030
1995-03-21;0.9010
1995-03-22;0.9020
1995-03-23;0.9140
1995-03-24;0.9090
1995-03-27;0.9100
1995-03-28;0.9110
1995-03-29;0.9070
1995-03-30;0.9030
1995-03-31;0.8960
1995-04-03;0.9020
1995-04-04;0.9010
1995-04-05;0.9000
1995-04-06;0.8940
1995-04-07;0.9000
1995-04-10;0.8970
1995-04-11;0.9010
1995-04-12;0.9080
1995-04-17;0.9050
1995-04-18;0.9050
1995-04-19;0.9140
1995-04-20;0.9180
1995-04-24;0.9130
1995-04-25;0.9210
1995-04-26;0.9170
1995-04-27;0.9190
1995-04-28;0.9130
1995-05-02;0.9140
1995-05-03;0.9060
1995-05-04;0.9050
1995-05-05;0.9020
1995-05-08;0.8990
1995-05-09;0.8970
1995-05-10;0.8940
1995-05-11;0.8960
1995-05-12;0.8970
1995-05-15;0.8910
1995-05-16;0.8910
1995-05-17;0.8910
1995-05-18;0.8900
1995-05-19;0.8910
1995-05-22;0.8900
1995-05-23;0.8900
1995-05-24;0.8900
1995-05-25;0.8930
1995-05-26;0.8970
1995-05-29;0.9060
1995-05-30;0.9060
1995-05-31;0.9060
1995-06-01;0.9080
1995-06-02;0.9050
1995-06-05;0.9050
1995-06-06;0.9060
1995-06-07;0.9110
1995-06-08;0.9120
1995-06-09;0.9130
1995-06-12;0.9180
1995-06-13;0.9150
1995-06-14;0.9070
1995-06-16;0.9090
1995-06-19;0.9120
1995-06-20;0.9140
1995-06-21;0.9190
1995-06-22;0.9200
1995-06-23;0.9200
1995-06-26;0.9190
1995-06-27;0.9200
1995-06-28;0.9200
1995-06-29;0.9200
1995-06-30;0.9220
1995-07-03;0.9200
1995-07-04;0.9200
1995-07-05;0.9220
1995-07-06;0.9250
1995-07-07;0.9250
1995-07-10;0.9250
1995-07-11;0.9250
1995-07-12;0.9250
1995-07-13;0.9260
1995-07-14;0.9260
1995-07-17;0.9280
1995-07-18;0.9290
1995-07-19;0.9290
1995-07-20;0.9290
1995-07-21;0.9340
1995-07-24;0.9340
1995-07-25;0.9360
1995-07-26;0.9360
1995-07-27;0.9370
1995-07-28;0.9370
1995-07-31;0.9360
1995-08-01;0.9360
1995-08-02;0.9360
1995-08-03;0.9360
1995-08-04;0.9360
1995-08-07;0.9360
1995-08-08;0.9360
1995-08-09;0.9360
1995-08-10;0.9360
1995-08-11;0.9370
1995-08-14;0.9410
1995-08-15;0.9420
1995-08-16;0.9420
1995-08-17;0.9420
1995-08-18;0.9430
1995-08-21;0.9420
1995-08-22;0.9440
1995-08-23;0.9470
1995-08-24;0.9470
1995-08-25;0.9480
1995-08-28;0.9490
1995-08-29;0.9510
1995-08-30;0.9510
1995-08-31;0.9510
1995-09-01;0.9510
1995-09-04;0.9490
1995-09-05;0.9490
1995-09-06;0.9490
1995-09-08;0.9510
1995-09-11;0.9520
1995-09-12;0.9520
1995-09-13;0.9530
1995-09-14;0.9530
1995-09-15;0.9530
1995-09-18;0.9530
1995-09-19;0.9530
1995-09-20;0.9540
1995-09-21;0.9540
1995-09-22;0.9540
1995-09-25;0.9540
1995-09-26;0.9550
1995-09-27;0.9560
1995-09-28;0.9560
1995-09-29;0.9540
1995-10-02;0.9550
1995-10-03;0.9585
1995-10-04;0.9585
1995-10-05;0.9585
1995-10-06;0.9587
1995-10-09;0.9585
1995-10-10;0.9585
1995-10-11;0.9585
1995-10-13;0.9585
1995-10-16;0.9585
1995-10-17;0.9585
1995-10-18;0.9590
1995-10-19;0.9593
1995-10-20;0.9613
1995-10-23;0.9615
1995-10-24;0.9617
1995-10-25;0.9617
1995-10-26;0.9620
1995-10-27;0.9622
1995-10-30;0.9617
1995-10-31;0.9619
1995-11-01;0.9630
1995-11-03;0.9627
1995-11-06;0.9623
1995-11-07;0.9618
1995-11-08;0.9618
1995-11-09;0.9617
1995-11-10;0.9617
1995-11-13;0.9620
1995-11-14;0.9628
1995-11-16;0.9628
1995-11-17;0.9624
1995-11-20;0.9626
1995-11-21;0.9639
1995-11-22;0.9648
1995-11-23;0.9647
1995-11-24;0.9655
1995-11-27;0.9649
1995-11-28;0.9648
1995-11-29;0.9647
1995-11-30;0.9666
1995-12-01;0.9666
1995-12-04;0.9666
1995-12-05;0.9667
1995-12-06;0.9667
1995-12-07;0.9666
1995-12-08;0.9667
1995-12-11;0.9667
1995-12-12;0.9668
1995-12-13;0.9671
1995-12-14;0.9673
1995-12-15;0.9677
1995-12-18;0.9681
1995-12-19;0.9676
1995-12-20;0.9686
1995-12-21;0.9694
1995-12-22;0.9702
1995-12-26;0.9702
1995-12-27;0.9709
1995-12-28;0.9726
1995-12-29;0.9725
1996-01-02;0.9726
1996-01-03;0.9727
1996-01-04;0.9728
1996-01-05;0.9727
1996-01-08;0.9726
1996-01-09;0.9726
1996-01-10;0.9726
1996-01-11;0.9731
1996-01-12;0.9734
1996-01-15;0.9727
1996-01-16;0.9726
1996-01-17;0.9727
1996-01-18;0.9729
1996-01-19;0.9732
1996-01-22;0.9746
1996-01-23;0.9766
1996-01-24;0.9769
1996-01-25;0.9768
1996-01-26;0.9784
1996-01-29;0.9788
1996-01-30;0.9787
1996-01-31;0.9786
1996-02-01;0.9786
1996-02-02;0.9786
1996-02-05;0.9787
1996-02-06;0.9786
1996-02-07;0.9788
1996-02-08;0.9787
1996-02-09;0.9788
1996-02-12;0.9787
1996-02-13;0.9806
1996-02-14;0.9813
1996-02-15;0.9834
1996-02-16;0.9832
1996-02-21;0.9823
1996-02-22;0.9824
1996-02-23;0.9822
1996-02-26;0.9836
1996-02-27;0.9869
1996-02-28;0.9838
1996-02-29;0.9842
1996-03-01;0.9840
1996-03-04;0.9837
1996-03-05;0.9837
1996-03-06;0.9837
1996-03-07;0.9845
1996-03-08;0.9843
1996-03-11;0.9843
1996-03-12;0.9842
1996-03-13;0.9854
1996-03-14;0.9869
1996-03-15;0.9868
1996-03-18;0.9866
1996-03-19;0.9868
1996-03-20;0.9883
1996-03-21;0.9874
1996-03-22;0.9875
1996-03-25;0.9879
1996-03-26;0.9881
1996-03-27;0.9878
1996-03-28;0.9881
1996-03-29;0.9880
1996-04-01;0.9881
1996-04-02;0.9875
1996-04-03;0.9874
1996-04-08;0.9875
1996-04-09;0.9886
1996-04-10;0.9896
1996-04-11;0.9908
1996-04-12;0.9905
1996-04-15;0.9899
1996-04-16;0.9903
1996-04-17;0.9900
1996-04-18;0.9896
1996-04-19;0.9915
1996-04-22;0.9916
1996-04-23;0.9915
1996-04-24;0.9916
1996-04-25;0.9917
1996-04-26;0.9922
1996-04-29;0.9926
1996-04-30;0.9925
1996-05-02;0.9925
1996-05-03;0.9926
1996-05-06;0.9926
1996-05-07;0.9927
1996-05-08;0.9928
1996-05-09;0.9939
1996-05-10;0.9946
1996-05-13;0.9951
1996-05-14;0.9960
1996-05-15;0.9958
1996-05-16;0.9965
1996-05-17;0.9958
1996-05-20;0.9956
1996-05-21;0.9956
1996-05-22;0.9958
1996-05-23;0.9962
1996-05-24;0.9968
1996-05-27;0.9966
1996-05-28;0.9965
1996-05-29;0.9967
1996-05-30;0.9971
1996-05-31;0.9984
1996-06-03;0.9986
1996-06-04;0.9986
1996-06-05;0.9987
1996-06-07;0.9989
1996-06-10;0.9998
1996-06-11;0.9996
1996-06-12;1.0007
1996-06-13;1.0005
1996-06-14;1.0015
1996-06-17;1.0016
1996-06-18;1.0016
1996-06-19;1.0020
1996-06-20;1.0025
1996-06-21;1.0030
1996-06-24;1.0030
1996-06-25;1.0029
1996-06-26;1.0039
1996-06-27;1.0036
1996-06-28;1.0044
1996-07-01;1.0045
1996-07-02;1.0052
1996-07-03;1.0051
1996-07-04;1.0049
1996-07-05;1.0049
1996-07-08;1.0049
1996-07-09;1.0055
1996-07-10;1.0057
1996-07-11;1.0056
1996-07-12;1.0056
1996-07-15;1.0062
1996-07-16;1.0065
1996-07-17;1.0066
1996-07-18;1.0071
1996-07-19;1.0075
1996-07-22;1.0077
1996-07-23;1.0078
1996-07-24;1.0086
1996-07-25;1.0088
1996-07-26;1.0092
1996-07-29;1.0099
1996-07-30;1.0107
1996-07-31;1.0112
1996-08-01;1.0108
1996-08-02;1.0104
1996-08-05;1.0101
1996-08-06;1.0107
1996-08-07;1.0116
1996-08-08;1.0116
1996-08-09;1.0119
1996-08-12;1.0122
1996-08-13;1.0126
1996-08-14;1.0129
1996-08-15;1.0130
1996-08-16;1.0135
1996-08-19;1.0136
1996-08-20;1.0144
1996-08-21;1.0147
1996-08-22;1.0148
1996-08-23;1.0153
1996-08-26;1.0155
1996-08-27;1.0159
1996-08-28;1.0161
1996-08-29;1.0167
1996-08-30;1.0169
1996-09-02;1.0165
1996-09-03;1.0167
1996-09-04;1.0172
1996-09-05;1.0174
1996-09-06;1.0179
1996-09-09;1.0190
1996-09-10;1.0202
1996-09-11;1.0188
1996-09-12;1.0197
1996-09-13;1.0200
1996-09-16;1.0192
1996-09-17;1.0195
1996-09-18;1.0196
1996-09-19;1.0196
1996-09-20;1.0199
1996-09-23;1.0202
1996-09-24;1.0202
1996-09-25;1.0205
1996-09-26;1.0206
1996-09-27;1.0210
1996-09-30;1.0215
1996-10-01;1.0215
1996-10-02;1.0215
1996-10-04;1.0220
1996-10-07;1.0225
1996-10-08;1.0225
1996-10-09;1.0233
1996-10-10;1.0247
1996-10-11;1.0254
1996-10-14;1.0247
1996-10-15;1.0251
1996-10-16;1.0253
1996-10-17;1.0250
1996-10-18;1.0252
1996-10-21;1.0254
1996-10-22;1.0263
1996-10-23;1.0270
1996-10-24;1.0264
1996-10-25;1.0272
1996-10-28;1.0279
1996-10-29;1.0285
1996-10-30;1.0275
1996-10-31;1.0276
1996-11-01;1.0280
1996-11-04;1.0280
1996-11-05;1.0280
1996-11-06;1.0280
1996-11-07;1.0288
1996-11-08;1.0295
1996-11-11;1.0297
1996-11-12;1.0311
1996-11-13;1.0309
1996-11-14;1.0305
1996-11-18;1.0304
1996-11-19;1.0303
1996-11-20;1.0308
1996-11-21;1.0311
1996-11-22;1.0311
1996-11-25;1.0311
1996-11-26;1.0320
1996-11-27;1.0324
1996-11-28;1.0328
1996-11-29;1.0332
1996-12-02;1.0331
1996-12-03;1.0331
1996-12-04;1.0338
1996-12-05;1.0346
1996-12-06;1.0351
1996-12-09;1.0350
1996-12-10;1.0359
1996-12-11;1.0369
1996-12-12;1.0375
1996-12-13;1.0381
1996-12-16;1.0389
1996-12-17;1.0407
1996-12-18;1.0383
1996-12-19;1.0384
1996-12-20;1.0387
1996-12-23;1.0388
1996-12-26;1.0389
1996-12-27;1.0399
1996-12-30;1.0394
1997-01-02;1.0395
1997-01-03;1.0398
1997-01-06;1.0405
1997-01-07;1.0405
1997-01-08;1.0410
1997-01-09;1.0415
1997-01-10;1.0414
1997-01-13;1.0420
1997-01-14;1.0422
1997-01-15;1.0426
1997-01-16;1.0436
1997-01-17;1.0439
1997-01-20;1.0432
1997-01-21;1.0435
1997-01-22;1.0436
1997-01-23;1.0438
1997-01-24;1.0441
1997-01-27;1.0441
1997-01-28;1.0449
1997-01-29;1.0456
1997-01-30;1.0457
1997-01-31;1.0461
1997-02-03;1.0457
1997-02-04;1.0463
1997-02-05;1.0470
1997-02-06;1.0472
1997-02-07;1.0480
1997-02-12;1.0476
1997-02-13;1.0487
1997-02-14;1.0495
1997-02-17;1.0491
1997-02-18;1.0495
1997-02-19;1.0504
1997-02-20;1.0505
1997-02-21;1.0508
1997-02-24;1.0507
1997-02-25;1.0511
1997-02-26;1.0517
1997-02-27;1.0515
1997-02-28;1.0515
1997-03-03;1.0515
1997-03-04;1.0517
1997-03-05;1.0526
1997-03-06;1.0530
1997-03-07;1.0532
1997-03-10;1.0532
1997-03-11;1.0539
1997-03-12;1.0544
1997-03-13;1.0557
1997-03-14;1.0554
1997-03-17;1.0582
1997-03-18;1.0589
1997-03-19;1.0605
1997-03-20;1.0602
1997-03-21;1.0611
1997-03-24;1.0615
1997-03-25;1.0612
1997-03-26;1.0609
1997-03-31;1.0593
1997-04-01;1.0594
1997-04-02;1.0598
1997-04-03;1.0584
1997-04-04;1.0585
1997-04-07;1.0590
1997-04-08;1.0588
1997-04-09;1.0590
1997-04-10;1.0589
1997-04-11;1.0595
1997-04-14;1.0600
1997-04-15;1.0606
1997-04-16;1.0611
1997-04-17;1.0613
1997-04-18;1.0618
1997-04-22;1.0629
1997-04-23;1.0633
1997-04-24;1.0631
1997-04-25;1.0632
1997-04-28;1.0632
1997-04-29;1.0633
1997-04-30;1.0638
1997-05-02;1.0643
1997-05-05;1.0647
1997-05-06;1.0650
1997-05-07;1.0653
1997-05-08;1.0651
1997-05-09;1.0660
1997-05-12;1.0673
1997-05-13;1.0680
1997-05-14;1.0683
1997-05-15;1.0678
1997-05-16;1.0677
1997-05-19;1.0680
1997-05-20;1.0685
1997-05-21;1.0689
1997-05-22;1.0700
1997-05-23;1.0709
1997-05-26;1.0721
1997-05-27;1.0729
1997-05-28;1.0732
1997-05-30;1.0718
1997-06-02;1.0709
1997-06-03;1.0715
1997-06-04;1.0726
1997-06-05;1.0728
1997-06-06;1.0728
1997-06-09;1.0730
1997-06-10;1.0729
1997-06-11;1.0734
1997-06-12;1.0738
1997-06-13;1.0745
1997-06-16;1.0741
1997-06-17;1.0741
1997-06-18;1.0750
1997-06-19;1.0757
1997-06-20;1.0777
1997-06-23;1.0769
1997-06-24;1.0770
1997-06-25;1.0769
1997-06-26;1.0768
1997-06-27;1.0772
1997-06-30;1.0769
1997-07-01;1.0771
1997-07-02;1.0773
1997-07-03;1.0778
1997-07-04;1.0779
1997-07-07;1.0781
1997-07-08;1.0790
1997-07-09;1.0796
1997-07-10;1.0797
1997-07-11;1.0803
1997-07-14;1.0806
1997-07-15;1.0808
1997-07-16;1.0811
1997-07-17;1.0812
1997-07-18;1.0816
1997-07-21;1.0815
1997-07-22;1.0817
1997-07-23;1.0823
1997-07-24;1.0822
1997-07-25;1.0824
1997-07-28;1.0827
1997-07-29;1.0833
1997-07-30;1.0834
1997-07-31;1.0834
1997-08-01;1.0835
1997-08-04;1.0835
1997-08-05;1.0843
1997-08-06;1.0845
1997-08-07;1.0851
1997-08-08;1.0858
1997-08-11;1.0858
1997-08-12;1.0859
1997-08-13;1.0863
1997-08-14;1.0864
1997-08-15;1.0873
1997-08-18;1.0884
1997-08-19;1.0894
1997-08-20;1.0890
1997-08-21;1.0888
1997-08-22;1.0912
1997-08-25;1.0920
1997-08-26;1.0925
1997-08-27;1.0922
1997-08-28;1.0916
1997-08-29;1.0917
1997-09-01;1.0913
1997-09-02;1.0922
1997-09-03;1.0925
1997-09-04;1.0925
1997-09-05;1.0929
1997-09-08;1.0916
1997-09-09;1.0915
1997-09-10;1.0918
1997-09-11;1.0922
1997-09-12;1.0925
1997-09-15;1.0927
1997-09-16;1.0932
1997-09-17;1.0938
1997-09-18;1.0942
1997-09-19;1.0943
1997-09-22;1.0949
1997-09-23;1.0952
1997-09-24;1.0954
1997-09-25;1.0955
1997-09-26;1.0961
1997-09-29;1.0962
1997-09-30;1.0964
1997-10-01;1.0967
1997-10-02;1.0970
1997-10-03;1.0971
1997-10-06;1.0974
1997-10-07;1.0977
1997-10-08;1.0979
1997-10-09;1.0982
1997-10-10;1.0985
1997-10-13;1.0985
1997-10-14;1.0988
1997-10-15;1.0994
1997-10-16;1.0996
1997-10-17;1.1000
1997-10-20;1.1003
1997-10-21;1.1004
1997-10-22;1.1008
1997-10-23;1.1009
1997-10-24;1.1012
1997-10-27;1.1027
1997-10-28;1.1064
1997-10-29;1.1024
1997-10-30;1.1063
1997-10-31;1.1031
1997-11-03;1.1030
1997-11-04;1.1041
1997-11-05;1.1041
1997-11-06;1.1069
1997-11-07;1.1082
1997-11-10;1.1053
1997-11-11;1.1050
1997-11-12;1.1064
1997-11-13;1.1070
1997-11-14;1.1082
1997-11-17;1.1067
1997-11-18;1.1066
1997-11-19;1.1081
1997-11-20;1.1081
1997-11-21;1.1094
1997-11-24;1.1097
1997-11-25;1.1104
1997-11-26;1.1104
1997-11-27;1.1089
1997-11-28;1.1098
1997-12-01;1.1096
1997-12-02;1.1096
1997-12-03;1.1104
1997-12-04;1.1106
1997-12-05;1.1105
1997-12-08;1.1119
1997-12-09;1.1122
1997-12-10;1.1129
1997-12-11;1.1151
1997-12-12;1.1162
1997-12-15;1.1143
1997-12-16;1.1134
1997-12-17;1.1142
1997-12-18;1.1144
1997-12-19;1.1148
1997-12-22;1.1151
1997-12-23;1.1150
1997-12-26;1.1151
1997-12-29;1.1157
1997-12-30;1.1164
1998-01-02;1.1165
1998-01-05;1.1165
1998-01-06;1.1169
1998-01-07;1.1175
1998-01-08;1.1180
1998-01-09;1.1184
1998-01-12;1.1192
1998-01-13;1.1187
1998-01-14;1.1190
1998-01-15;1.1206
1998-01-16;1.1205
1998-01-19;1.1201
1998-01-20;1.1205
1998-01-21;1.1207
1998-01-22;1.1206
1998-01-23;1.1215
1998-01-26;1.1216
1998-01-27;1.1224
1998-01-28;1.1227
1998-01-29;1.1230
1998-01-30;1.1237
1998-02-02;1.1236
1998-02-03;1.1244
1998-02-04;1.1245
1998-02-05;1.1245
1998-02-06;1.1254
1998-02-09;1.1255
1998-02-10;1.1264
1998-02-11;1.1265
1998-02-12;1.1268
1998-02-13;1.1276
1998-02-16;1.1274
1998-02-17;1.1284
1998-02-18;1.1286
1998-02-19;1.1292
1998-02-20;1.1295
1998-02-25;1.1297
1998-02-26;1.1298
1998-02-27;1.1304
1998-03-02;1.1305
1998-03-03;1.1306
1998-03-04;1.1314
1998-03-05;1.1314
1998-03-06;1.1315
1998-03-09;1.1323
1998-03-10;1.1324
1998-03-11;1.1325
1998-03-12;1.1328
1998-03-13;1.1334
1998-03-16;1.1335
1998-03-17;1.1335
1998-03-18;1.1344
1998-03-19;1.1344
1998-03-20;1.1346
1998-03-23;1.1349
1998-03-24;1.1352
1998-03-25;1.1358
1998-03-26;1.1360
1998-03-27;1.1364
1998-03-30;1.1365
1998-03-31;1.1374
1998-04-01;1.1375
1998-04-02;1.1375
1998-04-03;1.1384
1998-04-06;1.1388
1998-04-07;1.1388
1998-04-08;1.1394
1998-04-13;1.1396
1998-04-14;1.1404
1998-04-15;1.1407
1998-04-16;1.1409
1998-04-17;1.1414
1998-04-20;1.1418
1998-04-22;1.1425
1998-04-23;1.1428
1998-04-24;1.1435
1998-04-27;1.1441
1998-04-28;1.1449
1998-04-29;1.1453
1998-04-30;1.1443
1998-05-04;1.1442
1998-05-05;1.1449
1998-05-06;1.1452
1998-05-07;1.1451
1998-05-08;1.1455
1998-05-11;1.1459
1998-05-12;1.1463
1998-05-13;1.1474
1998-05-14;1.1473
1998-05-15;1.1472
1998-05-18;1.1475
1998-05-19;1.1488
1998-05-20;1.1489
1998-05-21;1.1497
1998-05-22;1.1515
1998-05-25;1.1516
1998-05-26;1.1531
1998-05-27;1.1520
1998-05-28;1.1500
1998-05-29;1.1505
1998-06-01;1.1520
1998-06-02;1.1517
1998-06-03;1.1518
1998-06-04;1.1517
1998-06-05;1.1524
1998-06-08;1.1529
1998-06-09;1.1536
1998-06-10;1.1546
1998-06-12;1.1553
1998-06-15;1.1551
1998-06-16;1.1549
1998-06-17;1.1553
1998-06-18;1.1557
1998-06-19;1.1562
1998-06-22;1.1554
1998-06-23;1.1555
1998-06-24;1.1559
1998-06-25;1.1561
1998-06-26;1.1564
1998-06-29;1.1566
1998-06-30;1.1569
1998-07-01;1.1572
1998-07-02;1.1572
1998-07-03;1.1575
1998-07-06;1.1583
1998-07-07;1.1588
1998-07-08;1.1597
1998-07-10;1.1612
1998-07-13;1.1618
1998-07-14;1.1634
1998-07-15;1.1615
1998-07-16;1.1621
1998-07-17;1.1617
1998-07-20;1.1607
1998-07-21;1.1610
1998-07-22;1.1620
1998-07-23;1.1647
1998-07-24;1.1655
1998-07-27;1.1661
1998-07-28;1.1635
1998-07-29;1.1632
1998-07-30;1.1624
1998-07-31;1.1634
1998-08-03;1.1643
1998-08-04;1.1659
1998-08-05;1.1671
1998-08-06;1.1681
1998-08-07;1.1683
1998-08-10;1.1692
1998-08-11;1.1689
1998-08-12;1.1700
1998-08-13;1.1716
1998-08-14;1.1716
1998-08-17;1.1730
1998-08-18;1.1739
1998-08-19;1.1742
1998-08-20;1.1738
1998-08-21;1.1753
1998-08-24;1.1750
1998-08-25;1.1747
1998-08-26;1.1728
1998-08-27;1.1753
1998-08-28;1.1763
1998-08-31;1.1769
1998-09-01;1.1772
1998-09-02;1.1774
1998-09-03;1.1780
1998-09-04;1.1784
1998-09-08;1.1769
1998-09-09;1.1792
1998-09-10;1.1794
1998-09-11;1.1793
1998-09-14;1.1803
1998-09-15;1.1798
1998-09-16;1.1796
1998-09-17;1.1801
1998-09-18;1.1808
1998-09-21;1.1816
1998-09-22;1.1830
1998-09-23;1.1839
1998-09-24;1.1835
1998-09-25;1.1848
1998-09-28;1.1849
1998-09-29;1.1850
1998-09-30;1.1857
1998-10-01;1.1807
1998-10-02;1.1836
1998-10-05;1.1850
1998-10-06;1.1849
1998-10-07;1.1831
1998-10-08;1.1846
1998-10-09;1.1867
1998-10-13;1.1877
1998-10-14;1.1888
1998-10-15;1.1886
1998-10-16;1.1888
1998-10-19;1.1899
1998-10-20;1.1896
1998-10-21;1.1899
1998-10-22;1.1905
1998-10-23;1.1911
1998-10-26;1.1913
1998-10-27;1.1921
1998-10-28;1.1924
1998-10-29;1.1922
1998-10-30;1.1932
1998-11-03;1.1929
1998-11-04;1.1917
1998-11-05;1.1905
1998-11-06;1.1884
1998-11-09;1.1899
1998-11-10;1.1911
1998-11-11;1.1908
1998-11-12;1.1913
1998-11-13;1.1915
1998-11-16;1.1909
1998-11-17;1.1909
1998-11-18;1.1912
1998-11-19;1.1932
1998-11-20;1.1950
1998-11-23;1.1973
1998-11-24;1.1978
1998-11-25;1.1981
1998-11-26;1.1992
1998-11-27;1.2003
1998-11-30;1.2011
1998-12-01;1.2016
1998-12-02;1.2013
1998-12-03;1.2023
1998-12-04;1.2026
1998-12-07;1.2029
1998-12-08;1.2035
1998-12-09;1.2037
1998-12-10;1.2035
1998-12-11;1.2040
1998-12-14;1.2049
1998-12-15;1.2052
1998-12-16;1.2056
1998-12-17;1.2059
1998-12-18;1.2068
1998-12-21;1.2069
1998-12-22;1.2074
1998-12-23;1.2078
1998-12-28;1.2084
1998-12-29;1.2084
1998-12-30;1.2083
1998-12-31;1.2087
1999-01-04;1.2078
1999-01-05;1.2085
1999-01-06;1.2096
1999-01-07;1.2100
1999-01-08;1.2104
1999-01-11;1.2109
1999-01-12;1.2114
1999-01-13;1.3193
1999-01-14;1.3194
1999-01-15;1.4659
1999-01-18;1.5384
1999-01-19;1.5580
1999-01-20;1.5735
1999-01-21;1.6602
1999-01-22;1.7049
1999-01-25;1.7606
1999-01-26;1.8770
1999-01-27;1.8886
1999-01-28;1.9206
1999-01-29;1.9832
1999-02-01;1.9638
1999-02-02;1.7980
1999-02-03;1.7709
1999-02-04;1.8140
1999-02-05;1.8317
1999-02-08;1.8609
1999-02-09;1.9333
1999-02-10;1.8953
1999-02-11;1.8868
1999-02-12;1.8984
1999-02-17;1.9179
1999-02-18;1.9029
1999-02-19;1.9208
1999-02-22;1.9356
1999-02-23;2.0128
1999-02-24;2.0033
1999-02-25;2.0351
1999-02-26;2.0648
1999-03-01;2.0284
1999-03-02;2.1308
1999-03-03;2.1647
1999-03-04;2.1022
1999-03-05;1.9934
1999-03-08;1.9708
1999-03-09;1.9056
1999-03-10;1.8631
1999-03-11;1.8784
1999-03-12;1.9051
1999-03-15;1.8825
1999-03-16;1.8521
1999-03-17;1.8777
1999-03-18;1.8596
1999-03-19;1.8507
1999-03-22;1.8615
1999-03-23;1.8516
1999-03-24;1.8428
1999-03-25;1.8100
1999-03-26;1.7750
1999-03-29;1.7655
1999-03-30;1.7334
1999-03-31;1.7220
1999-04-05;1.7251
1999-04-06;1.7314
1999-04-07;1.7295
1999-04-08;1.7206
1999-04-09;1.7090
1999-04-12;1.7054
1999-04-13;1.6720
1999-04-14;1.6575
1999-04-15;1.6688
1999-04-16;1.6700
1999-04-19;1.6721
1999-04-20;1.7101
1999-04-22;1.7014
1999-04-23;1.6851
1999-04-26;1.6978
1999-04-27;1.7069
1999-04-28;1.6963
1999-04-29;1.6676
1999-04-30;1.6607
1999-05-03;1.6735
1999-05-04;1.6734
1999-05-05;1.6847
1999-05-06;1.6729
1999-05-07;1.6712
1999-05-10;1.6518
1999-05-11;1.6468
1999-05-12;1.6614
1999-05-13;1.6510
1999-05-14;1.6570
1999-05-17;1.6670
1999-05-18;1.6659
1999-05-19;1.6636
1999-05-20;1.6834
1999-05-21;1.6963
1999-05-24;1.6985
1999-05-25;1.7480
1999-05-26;1.7186
1999-05-27;1.7137
1999-05-28;1.7311
1999-05-31;1.7240
1999-06-01;1.7336
1999-06-02;1.7542
1999-06-04;1.7365
1999-06-07;1.7412
1999-06-08;1.7479
1999-06-09;1.7491
1999-06-10;1.7597
1999-06-11;1.7730
1999-06-14;1.7783
1999-06-15;1.7892
1999-06-16;1.7675
1999-06-17;1.7605
1999-06-18;1.7485
1999-06-21;1.7636
1999-06-22;1.7688
1999-06-23;1.7848
1999-06-24;1.8003
1999-06-25;1.7904
1999-06-28;1.7900
1999-06-29;1.7672
1999-06-30;1.7695
1999-07-01;1.7575
1999-07-02;1.7706
1999-07-05;1.7663
1999-07-06;1.7754
1999-07-07;1.7815
1999-07-08;1.7911
1999-07-09;1.8044
1999-07-12;1.8190
1999-07-13;1.8392
1999-07-14;1.8109
1999-07-15;1.8281
1999-07-16;1.8107
1999-07-19;1.7929
1999-07-20;1.7982
1999-07-21;1.8171
1999-07-22;1.8171
1999-07-23;1.8147
1999-07-26;1.8203
1999-07-27;1.8173
1999-07-28;1.7915
1999-07-29;1.7939
1999-07-30;1.7892
1999-08-02;1.8115
1999-08-03;1.8278
1999-08-04;1.8217
1999-08-05;1.8476
1999-08-06;1.8493
1999-08-09;1.8454
1999-08-10;1.8729
1999-08-11;1.8630
1999-08-12;1.8511
1999-08-13;1.8711
1999-08-16;1.8768
1999-08-17;1.8820
1999-08-18;1.8927
1999-08-19;1.9171
1999-08-20;1.9497
1999-08-23;1.8706
1999-08-24;1.9026
1999-08-25;1.9311
1999-08-26;1.9087
1999-08-27;1.9243
1999-08-30;1.9436
1999-08-31;1.9159
1999-09-01;1.9217
1999-09-02;1.9244
1999-09-03;1.9040
1999-09-06;1.9059
1999-09-08;1.8983
1999-09-09;1.8735
1999-09-10;1.8621
1999-09-13;1.8822
1999-09-14;1.8923
1999-09-15;1.8779
1999-09-16;1.8794
1999-09-17;1.8861
1999-09-20;1.8745
1999-09-21;1.8791
1999-09-22;1.8906
1999-09-23;1.8914
1999-09-24;1.9144
1999-09-27;1.9174
1999-09-28;1.9393
1999-09-29;1.9224
1999-09-30;1.9223
1999-10-01;1.9565
1999-10-04;1.9388
1999-10-05;1.9525
1999-10-06;1.9600
1999-10-07;1.9339
1999-10-08;1.9430
1999-10-11;1.9550
1999-10-13;1.9587
1999-10-14;1.9648
1999-10-15;1.9794
1999-10-18;1.9829
1999-10-19;1.9933
1999-10-20;2.0025
1999-10-21;1.9936
1999-10-22;1.9834
1999-10-25;1.9777
1999-10-26;1.9869
1999-10-27;1.9954
1999-10-28;1.9789
1999-10-29;1.9530
1999-11-01;1.9431
1999-11-03;1.9414
1999-11-04;1.9295
1999-11-05;1.9155
1999-11-08;1.9266
1999-11-09;1.9241
1999-11-10;1.9348
1999-11-11;1.9288
1999-11-12;1.9331
1999-11-16;1.9331
1999-11-17;1.9327
1999-11-18;1.9290
1999-11-19;1.9313
1999-11-22;1.9322
1999-11-23;1.9328
1999-11-24;1.9295
1999-11-25;1.9300
1999-11-26;1.9263
1999-11-29;1.9213
1999-11-30;1.9227
1999-12-01;1.9221
1999-12-02;1.8950
1999-12-03;1.8774
1999-12-06;1.8669
1999-12-07;1.8594
1999-12-08;1.8627
1999-12-09;1.8668
1999-12-10;1.8667
1999-12-13;1.8564
1999-12-14;1.8463
1999-12-15;1.8501
1999-12-16;1.8407
1999-12-17;1.8178
1999-12-20;1.8048
1999-12-21;1.8234
1999-12-22;1.8204
1999-12-23;1.8286
1999-12-24;1.8290
1999-12-27;1.8267
1999-12-28;1.8289
1999-12-29;1.8170
1999-12-30;1.7890
1999-12-31;1.7890
2000-01-03;1.8011
2000-01-04;1.8337
2000-01-05;1.8544
2000-01-06;1.8461
2000-01-07;1.8281
2000-01-10;1.8161
2000-01-11;1.8219
2000-01-12;1.8314
2000-01-13;1.8193
2000-01-14;1.7997
2000-01-17;1.7957
2000-01-18;1.7924
2000-01-19;1.7984
2000-01-20;1.7801
2000-01-21;1.7784
2000-01-24;1.7652
2000-01-25;1.7741
2000-01-26;1.7769
2000-01-27;1.7753
2000-01-28;1.7875
2000-01-31;1.8024
2000-02-01;1.7932
2000-02-02;1.7900
2000-02-03;1.7779
2000-02-04;1.7785
2000-02-07;1.7659
2000-02-08;1.7654
2000-02-09;1.7632
2000-02-10;1.7695
2000-02-11;1.7647
2000-02-14;1.7699
2000-02-15;1.7764
2000-02-16;1.7732
2000-02-17;1.7740
2000-02-18;1.7705
2000-02-21;1.7784
2000-02-22;1.7825
2000-02-23;1.7886
2000-02-24;1.7779
2000-02-25;1.7741
2000-02-28;1.7788
2000-02-29;1.7685
2000-03-01;1.7678
2000-03-02;1.7600
2000-03-03;1.7511
2000-03-08;1.7498
2000-03-09;1.7343
2000-03-10;1.7386
2000-03-13;1.7502
2000-03-14;1.7372
2000-03-15;1.7431
2000-03-16;1.7357
2000-03-17;1.7407
2000-03-20;1.7388
2000-03-21;1.7381
2000-03-22;1.7305
2000-03-23;1.7242
2000-03-24;1.7234
2000-03-27;1.7362
2000-03-28;1.7456
2000-03-29;1.7379
2000-03-30;1.7522
2000-03-31;1.7473
2000-04-03;1.7407
2000-04-04;1.7425
2000-04-05;1.7532
2000-04-06;1.7423
2000-04-07;1.7439
2000-04-10;1.7387
2000-04-11;1.7448
2000-04-12;1.7471
2000-04-13;1.7633
2000-04-14;1.7833
2000-04-17;1.7873
2000-04-18;1.7696
2000-04-19;1.7662
2000-04-20;1.7784
2000-04-24;1.7916
2000-04-25;1.7888
2000-04-26;1.7985
2000-04-27;1.8083
2000-04-28;1.8067
2000-05-02;1.8008
2000-05-03;1.8162
2000-05-04;1.8144
2000-05-05;1.8118
2000-05-08;1.8058
2000-05-09;1.8079
2000-05-10;1.8169
2000-05-11;1.8162
2000-05-12;1.8266
2000-05-15;1.8382
2000-05-16;1.8198
2000-05-17;1.8292
2000-05-18;1.8305
2000-05-19;1.8454
2000-05-22;1.8468
2000-05-23;1.8537
2000-05-24;1.8537
2000-05-25;1.8392
2000-05-26;1.8455
2000-05-29;1.8388
2000-05-30;1.8305
2000-05-31;1.8266
2000-06-01;1.8202
2000-06-02;1.8104
2000-06-05;1.7933
2000-06-06;1.7899
2000-06-07;1.8036
2000-06-08;1.7948
2000-06-09;1.7999
2000-06-12;1.8040
2000-06-13;1.8100
2000-06-14;1.8107
2000-06-15;1.8079
2000-06-16;1.8073
2000-06-19;1.8030
2000-06-20;1.7991
2000-06-21;1.8121
2000-06-23;1.8203
2000-06-26;1.8282
2000-06-27;1.8235
2000-06-28;1.8195
2000-06-29;1.8172
2000-06-30;1.8000
2000-07-03;1.8080
2000-07-04;1.8121
2000-07-05;1.8047
2000-07-06;1.7970
2000-07-07;1.7972
2000-07-10;1.8006
2000-07-11;1.7972
2000-07-12;1.8034
2000-07-13;1.8103
2000-07-14;1.8106
2000-07-17;1.7979
2000-07-18;1.7970
2000-07-19;1.8044
2000-07-20;1.8015
2000-07-21;1.7921
2000-07-24;1.7956
2000-07-25;1.7898
2000-07-26;1.7925
2000-07-27;1.7847
2000-07-28;1.7828
2000-07-31;1.7748
2000-08-01;1.7880
2000-08-02;1.7916
2000-08-03;1.8079
2000-08-04;1.7919
2000-08-07;1.7961
2000-08-08;1.7992
2000-08-09;1.7950
2000-08-10;1.7962
2000-08-11;1.7959
2000-08-14;1.8021
2000-08-15;1.8056
2000-08-16;1.8070
2000-08-17;1.8096
2000-08-18;1.8174
2000-08-21;1.8199
2000-08-22;1.8169
2000-08-23;1.8186
2000-08-24;1.8204
2000-08-25;1.8213
2000-08-28;1.8277
2000-08-29;1.8349
2000-08-30;1.8259
2000-08-31;1.8234
2000-09-01;1.8218
2000-09-04;1.8255
2000-09-05;1.8294
2000-09-06;1.8207
2000-09-08;1.8224
2000-09-11;1.8199
2000-09-12;1.8279
2000-09-13;1.8320
2000-09-14;1.8317
2000-09-15;1.8438
2000-09-18;1.8558
2000-09-19;1.8538
2000-09-20;1.8546
2000-09-21;1.8517
2000-09-22;1.8594
2000-09-25;1.8412
2000-09-26;1.8506
2000-09-27;1.8492
2000-09-28;1.8479
2000-09-29;1.8437
2000-10-02;1.8483
2000-10-03;1.8498
2000-10-04;1.8529
2000-10-05;1.8501
2000-10-06;1.8520
2000-10-09;1.8574
2000-10-10;1.8541
2000-10-11;1.8603
2000-10-13;1.8764
2000-10-16;1.8704
2000-10-17;1.8667
2000-10-18;1.8795
2000-10-19;1.8714
2000-10-20;1.8796
2000-10-23;1.8918
2000-10-24;1.8981
2000-10-25;1.9282
2000-10-26;1.9340
2000-10-27;1.9240
2000-10-30;1.9184
2000-10-31;1.9090
2000-11-01;1.9099
2000-11-03;1.9286
2000-11-06;1.9462
2000-11-07;1.9573
2000-11-08;1.9503
2000-11-09;1.9683
2000-11-10;1.9566
2000-11-13;1.9579
2000-11-14;1.9441
2000-11-16;1.9486
2000-11-17;1.9592
2000-11-20;1.9365
2000-11-21;1.9100
2000-11-22;1.9322
2000-11-23;1.9413
2000-11-24;1.9560
2000-11-27;1.9571
2000-11-28;1.9778
2000-11-29;1.9610
2000-11-30;1.9596
2000-12-01;1.9795
2000-12-04;1.9847
2000-12-05;1.9648
2000-12-06;1.9657
2000-12-07;1.9698
2000-12-08;1.9695
2000-12-11;1.9648
2000-12-12;1.9676
2000-12-13;1.9623
2000-12-14;1.9635
2000-12-15;1.9678
2000-12-18;1.9539
2000-12-19;1.9556
2000-12-20;1.9559
2000-12-21;1.9578
2000-12-22;1.9524
2000-12-26;1.9578
2000-12-27;1.9608
2000-12-28;1.9554
2000-12-29;1.9554
2001-01-02;1.9385
2001-01-03;1.9422
2001-01-04;1.9353
2001-01-05;1.9484
2001-01-08;1.9524
2001-01-09;1.9441
2001-01-10;1.9429
2001-01-11;1.9463
2001-01-12;1.9508
2001-01-15;1.9475
2001-01-16;1.9516
2001-01-17;1.9501
2001-01-18;1.9527
2001-01-19;1.9553
2001-01-22;1.9571
2001-01-23;1.9586
2001-01-24;1.9595
2001-01-25;1.9738
2001-01-26;1.9740
2001-01-29;1.9753
2001-01-30;1.9714
2001-01-31;1.9711
2001-02-01;1.9739
2001-02-02;1.9934
2001-02-05;1.9945
2001-02-06;1.9980
2001-02-07;2.0045
2001-02-08;1.9959
2001-02-09;1.9884
2001-02-12;1.9813
2001-02-13;1.9803
2001-02-14;1.9894
2001-02-15;1.9812
2001-02-16;1.9940
2001-02-19;2.0027
2001-02-20;2.0063
2001-02-21;2.0240
2001-02-22;2.0368
2001-02-23;2.0436
2001-02-28;2.0452
2001-03-01;2.0428
2001-03-02;2.0355
2001-03-05;2.0232
2001-03-06;2.0208
2001-03-07;2.0391
2001-03-08;2.0385
2001-03-09;2.0599
2001-03-12;2.0552
2001-03-13;2.0622
2001-03-14;2.0763
2001-03-15;2.0864
2001-03-16;2.1217
2001-03-19;2.1277
2001-03-20;2.0929
2001-03-21;2.1000
2001-03-22;2.1419
2001-03-23;2.1586
2001-03-26;2.1373
2001-03-27;2.1236
2001-03-28;2.1170
2001-03-29;2.1369
2001-03-30;2.1616
2001-04-02;2.1584
2001-04-03;2.1732
2001-04-04;2.1632
2001-04-05;2.1589
2001-04-06;2.1521
2001-04-09;2.1642
2001-04-10;2.1422
2001-04-11;2.1384
2001-04-12;2.1573
2001-04-16;2.1825
2001-04-17;2.1888
2001-04-18;2.1750
2001-04-19;2.1882
2001-04-20;2.2364
2001-04-23;2.2586
2001-04-24;2.2538
2001-04-25;2.3011
2001-04-26;2.2541
2001-04-27;2.2180
2001-04-30;2.1847
2001-05-02;2.2239
2001-05-03;2.2353
2001-05-04;2.2187
2001-05-07;2.1957
2001-05-08;2.2319
2001-05-09;2.2586
2001-05-10;2.2695
2001-05-11;2.2863
2001-05-14;2.3062
2001-05-15;2.3384
2001-05-16;2.3219
2001-05-17;2.3036
2001-05-18;2.2941
2001-05-21;2.3278
2001-05-22;2.3062
2001-05-23;2.3427
2001-05-24;2.3494
2001-05-25;2.3403
2001-05-28;2.3265
2001-05-29;2.3425
2001-05-30;2.3596
2001-05-31;2.3600
2001-06-01;2.3833
2001-06-04;2.3629
2001-06-05;2.3895
2001-06-06;2.3821
2001-06-07;2.3880
2001-06-08;2.3619
2001-06-11;2.3722
2001-06-12;2.3906
2001-06-13;2.4078
2001-06-15;2.4079
2001-06-18;2.4586
2001-06-19;2.4675
2001-06-20;2.4748
2001-06-21;2.4054
2001-06-22;2.3296
2001-06-25;2.2997
2001-06-26;2.3139
2001-06-27;2.3236
2001-06-28;2.2923
2001-06-29;2.3049
2001-07-02;2.3249
2001-07-03;2.3395
2001-07-04;2.3907
2001-07-05;2.4113
2001-07-06;2.4943
2001-07-09;2.4548
2001-07-10;2.4802
2001-07-11;2.5300
2001-07-12;2.5423
2001-07-13;2.5538
2001-07-16;2.5979
2001-07-17;2.5304
2001-07-18;2.4696
2001-07-19;2.5032
2001-07-20;2.4573
2001-07-23;2.4108
2001-07-24;2.4247
2001-07-25;2.4914
2001-07-26;2.4836
2001-07-27;2.4971
2001-07-30;2.4334
2001-07-31;2.4313
2001-08-01;2.4935
2001-08-02;2.4877
2001-08-03;2.4884
2001-08-06;2.4690
2001-08-07;2.4463
2001-08-08;2.4704
2001-08-09;2.4668
2001-08-10;2.4842
2001-08-13;2.4910
2001-08-14;2.5140
2001-08-15;2.5005
2001-08-16;2.4877
2001-08-17;2.5235
2001-08-20;2.5306
2001-08-21;2.5353
2001-08-22;2.5231
2001-08-23;2.5282
2001-08-24;2.5500
2001-08-27;2.5585
2001-08-28;2.5564
2001-08-29;2.5474
2001-08-30;2.5403
2001-08-31;2.5517
2001-09-03;2.5590
2001-09-04;2.5642
2001-09-05;2.5669
2001-09-06;2.5927
2001-09-10;2.6013
2001-09-11;2.6369
2001-09-12;2.6741
2001-09-13;2.6978
2001-09-14;2.6986
2001-09-17;2.6679
2001-09-18;2.6793
2001-09-19;2.7065
2001-09-20;2.7322
2001-09-21;2.8007
2001-09-24;2.7675
2001-09-25;2.7133
2001-09-26;2.7264
2001-09-27;2.7050
2001-09-28;2.6713
2001-10-01;2.6866
2001-10-02;2.7038
2001-10-03;2.7287
2001-10-04;2.7326
2001-10-05;2.7540
2001-10-08;2.7828
2001-10-09;2.7797
2001-10-10;2.7784
2001-10-11;2.7799
2001-10-15;2.7790
2001-10-16;2.7526
2001-10-17;2.7211
2001-10-18;2.7425
2001-10-19;2.7573
2001-10-22;2.7176
2001-10-23;2.7168
2001-10-24;2.7438
2001-10-25;2.7428
2001-10-26;2.7290
2001-10-29;2.7246
2001-10-30;2.7231
2001-10-31;2.7071
2001-11-01;2.6820
2001-11-05;2.6208
2001-11-06;2.6003
2001-11-07;2.6055
2001-11-08;2.5571
2001-11-09;2.5347
2001-11-12;2.5502
2001-11-13;2.5270
2001-11-14;2.5299
2001-11-16;2.5392
2001-11-19;2.5154
2001-11-20;2.5350
2001-11-21;2.5411
2001-11-22;2.5383
2001-11-23;2.5134
2001-11-26;2.4894
2001-11-27;2.4604
2001-11-28;2.4857
2001-11-29;2.5072
2001-11-30;2.5287
2001-12-03;2.4672
2001-12-04;2.4289
2001-12-05;2.4306
2001-12-06;2.4435
2001-12-07;2.4005
2001-12-10;2.3579
2001-12-11;2.3417
2001-12-12;2.3551
2001-12-13;2.3847
2001-12-14;2.3840
2001-12-17;2.3580
2001-12-18;2.3430
2001-12-19;2.2930
2001-12-20;2.3202
2001-12-21;2.3311
2001-12-24;2.3378
2001-12-26;2.3145
2001-12-27;2.3215
2001-12-28;2.3204
2001-12-31;2.3204
2002-01-02;2.3066
2002-01-03;2.2932
2002-01-04;2.3101
2002-01-07;2.3428
2002-01-08;2.3454
2002-01-09;2.3794
2002-01-10;2.3896
2002-01-11;2.4168
2002-01-14;2.4072
2002-01-15;2.3705
2002-01-16;2.3867
2002-01-17;2.3641
2002-01-18;2.3752
2002-01-21;2.3742
2002-01-22;2.3667
2002-01-23;2.3804
2002-01-24;2.3981
2002-01-25;2.4046
2002-01-28;2.4228
2002-01-29;2.4234
2002-01-30;2.4384
2002-01-31;2.4183
2002-02-01;2.4161
2002-02-04;2.4228
2002-02-05;2.4214
2002-02-06;2.4206
2002-02-07;2.4518
2002-02-08;2.4691
2002-02-13;2.4232
2002-02-14;2.4249
2002-02-15;2.4380
2002-02-18;2.4284
2002-02-19;2.4249
2002-02-20;2.4284
2002-02-21;2.4241
2002-02-22;2.4273
2002-02-25;2.4062
2002-02-26;2.3947
2002-02-27;2.3827
2002-02-28;2.3482
2002-03-01;2.3596
2002-03-04;2.3432
2002-03-05;2.3251
2002-03-06;2.3520
2002-03-07;2.3663
2002-03-08;2.3582
2002-03-11;2.3487
2002-03-12;2.3496
2002-03-13;2.3368
2002-03-14;2.3441
2002-03-15;2.3542
2002-03-18;2.3406
2002-03-19;2.3432
2002-03-20;2.3380
2002-03-21;2.3475
2002-03-22;2.3508
2002-03-25;2.3641
2002-03-26;2.3502
2002-03-27;2.3371
2002-03-28;2.3236
2002-04-01;2.3220
2002-04-02;2.3022
2002-04-03;2.2977
2002-04-04;2.3118
2002-04-05;2.2924
2002-04-08;2.2907
2002-04-09;2.2842
2002-04-10;2.2728
2002-04-11;2.2709
2002-04-12;2.2988
2002-04-15;2.3180
2002-04-16;2.3172
2002-04-17;2.3165
2002-04-18;2.3327
2002-04-19;2.3269
2002-04-22;2.3347
2002-04-23;2.3487
2002-04-24;2.3568
2002-04-25;2.3666
2002-04-26;2.3558
2002-04-29;2.3689
2002-04-30;2.3625
2002-05-02;2.3770
2002-05-03;2.4149
2002-05-06;2.4327
2002-05-07;2.4174
2002-05-08;2.4341
2002-05-09;2.4519
2002-05-10;2.4838
2002-05-13;2.4952
2002-05-14;2.5154
2002-05-15;2.5117
2002-05-16;2.4799
2002-05-17;2.4763
2002-05-20;2.4737
2002-05-21;2.4787
2002-05-22;2.5016
2002-05-23;2.5296
2002-05-24;2.5240
2002-05-27;2.5228
2002-05-28;2.5248
2002-05-29;2.5201
2002-05-31;2.5220
2002-06-03;2.5413
2002-06-04;2.5697
2002-06-05;2.6086
2002-06-06;2.6418
2002-06-07;2.6708
2002-06-10;2.6367
2002-06-11;2.6664
2002-06-12;2.7486
2002-06-13;2.6922
2002-06-14;2.7181
2002-06-17;2.6823
2002-06-18;2.6700
2002-06-19;2.7030
2002-06-20;2.7505
2002-06-21;2.7910
2002-06-24;2.8269
2002-06-25;2.7995
2002-06-26;2.8584
2002-06-27;2.8593
2002-06-28;2.8444
2002-07-01;2.8595
2002-07-02;2.9141
2002-07-03;2.8617
2002-07-04;2.8481
2002-07-05;2.8746
2002-07-08;2.8711
2002-07-09;2.8551
2002-07-10;2.8541
2002-07-11;2.8232
2002-07-12;2.8147
2002-07-15;2.8455
2002-07-16;2.8671
2002-07-17;2.8783
2002-07-18;2.8772
2002-07-19;2.8671
2002-07-22;2.8816
2002-07-23;2.9132
2002-07-24;2.9479
2002-07-25;2.9822
2002-07-26;3.0177
2002-07-29;3.1449
2002-07-30;3.2692
2002-07-31;3.4285
2002-08-01;3.3275
2002-08-02;3.0302
2002-08-05;3.0732
2002-08-06;3.2070
2002-08-07;3.0598
2002-08-08;2.8883
2002-08-09;2.9964
2002-08-12;3.0979
2002-08-13;3.2094
2002-08-14;3.1965
2002-08-15;3.1912
2002-08-16;3.1620
2002-08-19;3.1142
2002-08-20;3.0923
2002-08-21;3.0794
2002-08-22;3.1417
2002-08-23;3.1136
2002-08-26;3.0788
2002-08-27;3.0949
2002-08-28;3.1219
2002-08-29;3.1239
2002-08-30;3.0223
2002-09-02;3.0286
2002-09-03;3.0988
2002-09-04;3.1325
2002-09-05;3.1512
2002-09-06;3.1783
2002-09-09;3.1312
2002-09-10;3.1306
2002-09-11;3.1153
2002-09-12;3.1239
2002-09-13;3.1506
2002-09-16;3.1884
2002-09-17;3.2248
2002-09-18;3.3240
2002-09-19;3.3843
2002-09-20;3.4277
2002-09-23;3.5448
2002-09-24;3.6216
2002-09-25;3.7257
2002-09-26;3.7516
2002-09-27;3.8541
2002-09-30;3.8949
2002-10-01;3.7467
2002-10-02;3.5936
2002-10-03;3.6952
2002-10-04;3.6593
2002-10-07;3.6965
2002-10-08;3.7017
2002-10-09;3.8520
2002-10-10;3.9228
2002-10-11;3.9235
2002-10-14;3.8613
2002-10-15;3.8567
2002-10-16;3.8744
2002-10-17;3.9245
2002-10-18;3.8759
2002-10-21;3.9125
2002-10-22;3.9552
2002-10-23;3.8704
2002-10-24;3.8617
2002-10-25;3.8015
2002-10-28;3.7406
2002-10-29;3.8211
2002-10-30;3.7443
2002-10-31;3.6450
2002-11-01;3.6113
2002-11-04;3.5418
2002-11-05;3.5625
2002-11-06;3.5976
2002-11-07;3.6218
2002-11-08;3.5271
2002-11-11;3.5035
2002-11-12;3.5527
2002-11-13;3.6342
2002-11-14;3.6797
2002-11-18;3.5889
2002-11-19;3.5547
2002-11-20;3.5146
2002-11-21;3.5103
2002-11-22;3.5616
2002-11-25;3.5492
2002-11-26;3.5872
2002-11-27;3.5898
2002-11-28;3.6030
2002-11-29;3.6365
2002-12-02;3.6160
2002-12-03;3.6625
2002-12-04;3.7049
2002-12-05;3.7514
2002-12-06;3.7526
2002-12-09;3.7980
2002-12-10;3.7685
2002-12-11;3.7954
2002-12-12;3.7535
2002-12-13;3.7342
2002-12-16;3.6318
2002-12-17;3.5827
2002-12-18;3.5316
2002-12-19;3.5047
2002-12-20;3.4278
2002-12-23;3.4947
2002-12-24;3.5010
2002-12-26;3.5251
2002-12-27;3.5413
2002-12-30;3.5333
2003-01-02;3.5224
2003-01-03;3.4698
2003-01-06;3.3664
2003-01-07;3.3423
2003-01-08;3.3124
2003-01-09;3.3297
2003-01-10;3.2918
2003-01-13;3.2956
2003-01-14;3.2758
2003-01-15;3.2983
2003-01-16;3.2937
2003-01-17;3.3632
2003-01-20;3.4103
2003-01-21;3.4402
2003-01-22;3.5189
2003-01-23;3.4901
2003-01-24;3.5923
2003-01-27;3.6623
2003-01-28;3.6312
2003-01-29;3.6417
2003-01-30;3.5696
2003-01-31;3.5258
2003-02-03;3.4930
2003-02-04;3.5406
2003-02-05;3.5845
2003-02-06;3.6045
2003-02-07;3.5802
2003-02-10;3.6042
2003-02-11;3.5737
2003-02-12;3.6003
2003-02-13;3.6359
2003-02-14;3.6580
2003-02-17;3.6232
2003-02-18;3.5889
2003-02-19;3.5935
2003-02-20;3.6067
2003-02-21;3.6097
2003-02-24;3.5870
2003-02-25;3.6013
2003-02-26;3.5817
2003-02-27;3.5850
2003-02-28;3.5632
2003-03-05;3.5637
2003-03-06;3.5260
2003-03-07;3.5010
2003-03-10;3.5281
2003-03-11;3.5061
2003-03-12;3.4763
2003-03-13;3.4293
2003-03-14;3.3958
2003-03-17;3.4442
2003-03-18;3.4308
2003-03-19;3.4576
2003-03-20;3.4830
2003-03-21;3.4450
2003-03-24;3.4070
2003-03-25;3.3892
2003-03-26;3.3747
2003-03-27;3.4031
2003-03-28;3.3757
2003-03-31;3.3531
2003-04-01;3.3359
2003-04-02;3.2795
2003-04-03;3.2563
2003-04-04;3.2469
2003-04-07;3.1723
2003-04-08;3.1649
2003-04-09;3.1857
2003-04-10;3.2157
2003-04-11;3.2147
2003-04-14;3.1818
2003-04-15;3.1154
2003-04-16;3.0752
2003-04-17;3.0289
2003-04-22;3.0639
2003-04-23;3.0147
2003-04-24;3.0029
2003-04-25;3.0123
2003-04-28;2.9915
2003-04-29;2.9251
2003-04-30;2.8898
2003-05-02;2.9159
2003-05-05;2.9845
2003-05-06;3.0277
2003-05-07;2.9639
2003-05-08;2.9177
2003-05-09;2.8802
2003-05-12;2.8757
2003-05-13;2.8653
2003-05-14;2.8902
2003-05-15;2.9306
2003-05-16;2.9731
2003-05-19;2.9815
2003-05-20;3.0141
2003-05-21;3.0109
2003-05-22;2.9842
2003-05-23;2.9445
2003-05-26;2.9565
2003-05-27;3.0257
2003-05-28;3.0140
2003-05-29;2.9488
2003-05-30;2.9656
2003-06-02;2.9780
2003-06-03;2.9640
2003-06-04;2.9112
2003-06-05;2.8929
2003-06-06;2.8491
2003-06-09;2.8682
2003-06-10;2.8603
2003-06-11;2.8692
2003-06-12;2.8620
2003-06-13;2.8570
2003-06-16;2.8508
2003-06-17;2.8744
2003-06-18;2.8902
2003-06-20;2.8933
2003-06-23;2.8788
2003-06-24;2.8616
2003-06-25;2.8559
2003-06-26;2.8940
2003-06-27;2.8812
2003-06-30;2.8720
2003-07-01;2.8443
2003-07-02;2.8219
2003-07-03;2.8332
2003-07-04;2.8299
2003-07-07;2.8676
2003-07-08;2.8823
2003-07-09;2.8671
2003-07-10;2.8922
2003-07-11;2.9029
2003-07-14;2.8753
2003-07-15;2.8554
2003-07-16;2.8677
2003-07-17;2.8563
2003-07-18;2.8774
2003-07-21;2.8828
2003-07-22;2.8826
2003-07-23;2.8878
2003-07-24;2.8961
2003-07-25;2.8885
2003-07-28;2.8965
2003-07-29;2.9155
2003-07-30;2.9473
2003-07-31;2.9655
2003-08-01;3.0006
2003-08-04;3.0740
2003-08-05;3.0366
2003-08-06;3.0390
2003-08-07;3.0069
2003-08-08;2.9892
2003-08-11;2.9945
2003-08-12;3.0237
2003-08-13;3.0309
2003-08-14;3.0140
2003-08-15;2.9930
2003-08-18;2.9848
2003-08-19;2.9973
2003-08-20;3.0010
2003-08-21;3.0032
2003-08-22;2.9926
2003-08-25;2.9895
2003-08-26;2.9896
2003-08-27;2.9734
2003-08-28;2.9531
2003-08-29;2.9665
2003-09-01;2.9840
2003-09-02;2.9789
2003-09-03;2.9568
2003-09-04;2.9418
2003-09-05;2.9216
2003-09-08;2.9155
2003-09-09;2.9306
2003-09-10;2.9125
2003-09-11;2.8991
2003-09-12;2.8959
2003-09-15;2.8898
2003-09-16;2.8967
2003-09-17;2.9057
2003-09-18;2.8975
2003-09-19;2.9065
2003-09-22;2.9021
2003-09-23;2.9145
2003-09-24;2.9244
2003-09-25;2.9306
2003-09-26;2.9373
2003-09-29;2.9374
2003-09-30;2.9234
2003-10-01;2.9034
2003-10-02;2.8989
2003-10-03;2.8875
2003-10-06;2.8753
2003-10-07;2.8701
2003-10-08;2.8444
2003-10-09;2.8422
2003-10-10;2.8401
2003-10-13;2.8371
2003-10-14;2.8425
2003-10-15;2.8268
2003-10-16;2.8409
2003-10-17;2.8635
2003-10-20;2.8839
2003-10-21;2.8642
2003-10-22;2.8602
2003-10-23;2.8698
2003-10-24;2.8695
2003-10-27;2.8728
2003-10-28;2.8675
2003-10-29;2.8537
2003-10-30;2.8440
2003-10-31;2.8562
2003-11-03;2.8559
2003-11-04;2.8607
2003-11-05;2.8596
2003-11-06;2.8708
2003-11-07;2.8699
2003-11-10;2.8807
2003-11-11;2.8955
2003-11-12;2.9112
2003-11-13;2.9196
2003-11-14;2.9418
2003-11-17;2.9546
2003-11-18;2.9421
2003-11-19;2.9507
2003-11-20;2.9480
2003-11-21;2.9301
2003-11-24;2.9270
2003-11-25;2.9246
2003-11-26;2.9361
2003-11-27;2.9477
2003-11-28;2.9494
2003-12-01;2.9341
2003-12-02;2.9273
2003-12-03;2.9316
2003-12-04;2.9403
2003-12-05;2.9398
2003-12-08;2.9422
2003-12-09;2.9350
2003-12-10;2.9429
2003-12-11;2.9430
2003-12-12;2.9420
2003-12-15;2.9293
2003-12-16;2.9320
2003-12-17;2.9381
2003-12-18;2.9341
2003-12-19;2.9278
2003-12-22;2.9239
2003-12-23;2.9178
2003-12-24;2.9082
2003-12-26;2.8994
2003-12-29;2.8883
2003-12-30;2.8892
2003-12-31;2.8892
2004-01-02;2.8862
2004-01-05;2.8627
2004-01-06;2.8508
2004-01-07;2.8723
2004-01-08;2.8588
2004-01-09;2.8422
2004-01-12;2.8163
2004-01-13;2.8022
2004-01-14;2.8142
2004-01-15;2.8126
2004-01-16;2.8184
2004-01-19;2.8419
2004-01-20;2.8382
2004-01-21;2.8417
2004-01-22;2.8417
2004-01-23;2.8435
2004-01-26;2.8431
2004-01-27;2.8587
2004-01-28;2.8785
2004-01-29;2.9236
2004-01-30;2.9409
2004-02-02;2.9486
2004-02-03;2.9326
2004-02-04;2.9106
2004-02-05;2.9335
2004-02-06;2.9500
2004-02-09;2.9341
2004-02-10;2.9198
2004-02-11;2.9253
2004-02-12;2.9042
2004-02-13;2.9085
2004-02-16;2.9066
2004-02-17;2.9125
2004-02-18;2.9296
2004-02-19;2.9509
2004-02-20;2.9878
2004-02-25;2.9403
2004-02-26;2.9369
2004-02-27;2.9138
2004-03-01;2.8945
2004-03-02;2.9086
2004-03-03;2.8812
2004-03-04;2.8878
2004-03-05;2.8790
2004-03-08;2.8752
2004-03-09;2.8758
2004-03-10;2.8891
2004-03-11;2.9132
2004-03-12;2.9063
2004-03-15;2.9013
2004-03-16;2.9001
2004-03-17;2.9070
2004-03-18;2.9135
2004-03-19;2.9000
2004-03-22;2.9107
2004-03-23;2.9144
2004-03-24;2.9264
2004-03-25;2.9337
2004-03-26;2.9410
2004-03-29;2.9365
2004-03-30;2.9216
2004-03-31;2.9086
2004-04-01;2.8904
2004-04-02;2.8930
2004-04-05;2.8851
2004-04-06;2.8743
2004-04-07;2.8773
2004-04-08;2.8802
2004-04-12;2.8855
2004-04-13;2.8851
2004-04-14;2.8956
2004-04-15;2.9064
2004-04-16;2.9153
2004-04-19;2.9101
2004-04-20;2.9186
2004-04-22;2.9305
2004-04-23;2.9173
2004-04-26;2.9085
2004-04-27;2.9161
2004-04-28;2.9335
2004-04-29;2.9522
2004-04-30;2.9447
2004-05-03;2.9569
2004-05-04;2.9696
2004-05-05;2.9616
2004-05-06;2.9899
2004-05-07;3.0504
2004-05-10;3.1249
2004-05-11;3.1051
2004-05-12;3.1211
2004-05-13;3.1279
2004-05-14;3.0982
2004-05-17;3.1220
2004-05-18;3.1169
2004-05-19;3.1059
2004-05-20;3.1813
2004-05-21;3.2051
2004-05-24;3.1798
2004-05-25;3.1576
2004-05-26;3.1570
2004-05-27;3.1524
2004-05-28;3.0961
2004-05-31;3.1291
2004-06-01;3.1567
2004-06-02;3.1302
2004-06-03;3.1443
2004-06-04;3.1335
2004-06-07;3.1119
2004-06-08;3.1155
2004-06-09;3.1166
2004-06-11;3.1402
2004-06-14;3.1651
2004-06-15;3.1380
2004-06-16;3.1405
2004-06-17;3.1280
2004-06-18;3.1388
2004-06-21;3.1298
2004-06-22;3.1341
2004-06-23;3.1258
2004-06-24;3.1030
2004-06-25;3.1096
2004-06-28;3.1247
2004-06-29;3.1183
2004-06-30;3.1075
2004-07-01;3.0747
2004-07-02;3.0502
2004-07-05;3.0316
2004-07-06;3.0418
2004-07-07;3.0367
2004-07-08;3.0475
2004-07-09;3.0429
2004-07-12;3.0371
2004-07-13;3.0420
2004-07-14;3.0284
2004-07-15;3.0215
2004-07-16;3.0021
2004-07-19;2.9939
2004-07-20;3.0041
2004-07-21;3.0247
2004-07-22;3.0392
2004-07-23;3.0465
2004-07-26;3.0573
2004-07-27;3.0670
2004-07-28;3.0557
2004-07-29;3.0374
2004-07-30;3.0268
2004-08-02;3.0466
2004-08-03;3.0550
2004-08-04;3.0579
2004-08-05;3.0637
2004-08-06;3.0489
2004-08-09;3.0396
2004-08-10;3.0285
2004-08-11;3.0392
2004-08-12;3.0307
2004-08-13;3.0235
2004-08-16;3.0146
2004-08-17;2.9989
2004-08-18;2.9922
2004-08-19;2.9793
2004-08-20;2.9742
2004-08-23;2.9687
2004-08-24;2.9576
2004-08-25;2.9512
2004-08-26;2.9541
2004-08-27;2.9571
2004-08-30;2.9488
2004-08-31;2.9338
2004-09-01;2.9298
2004-09-02;2.9361
2004-09-03;2.9289
2004-09-06;2.9142
2004-09-08;2.9014
2004-09-09;2.9028
2004-09-10;2.8988
2004-09-13;2.9060
2004-09-14;2.9125
2004-09-15;2.9042
2004-09-16;2.8892
2004-09-17;2.8744
2004-09-20;2.8676
2004-09-21;2.8737
2004-09-22;2.8677
2004-09-23;2.8725
2004-09-24;2.8735
2004-09-27;2.8728
2004-09-28;2.8692
2004-09-29;2.8602
2004-09-30;2.8586
2004-10-01;2.8513
2004-10-04;2.8265
2004-10-05;2.8241
2004-10-06;2.8362
2004-10-07;2.8518
2004-10-08;2.8251
2004-10-11;2.8318
2004-10-13;2.8374
2004-10-14;2.8631
2004-10-15;2.8623
2004-10-18;2.8547
2004-10-19;2.8706
2004-10-20;2.8847
2004-10-21;2.8535
2004-10-22;2.8489
2004-10-25;2.8817
2004-10-26;2.8729
2004-10-27;2.8585
2004-10-28;2.8655
2004-10-29;2.8565
2004-11-01;2.8590
2004-11-03;2.8304
2004-11-04;2.8211
2004-11-05;2.8186
2004-11-08;2.8299
2004-11-09;2.8287
2004-11-10;2.8209
2004-11-11;2.8200
2004-11-12;2.7991
2004-11-16;2.7856
2004-11-17;2.7674
2004-11-18;2.7603
2004-11-19;2.7637
2004-11-22;2.7678
2004-11-23;2.7446
2004-11-24;2.7485
2004-11-25;2.7511
2004-11-26;2.7332
2004-11-29;2.7402
2004-11-30;2.7307
2004-12-01;2.7145
2004-12-02;2.7239
2004-12-03;2.7095
2004-12-06;2.7186
2004-12-07;2.7322
2004-12-08;2.7664
2004-12-09;2.7744
2004-12-10;2.7867
2004-12-13;2.7697
2004-12-14;2.7580
2004-12-15;2.7508
2004-12-16;2.7293
2004-12-17;2.7247
2004-12-20;2.6927
2004-12-21;2.6892
2004-12-22;2.6990
2004-12-23;2.7067
2004-12-24;2.6912
2004-12-27;2.6983
2004-12-28;2.6895
2004-12-29;2.6836
2004-12-30;2.6544
2004-12-31;2.6544
2005-01-03;2.6682
2005-01-04;2.6887
2005-01-05;2.7096
2005-01-06;2.7207
2005-01-07;2.7032
2005-01-10;2.6973
2005-01-11;2.7106
2005-01-12;2.7113
2005-01-13;2.7011
2005-01-14;2.7074
2005-01-17;2.7007
2005-01-18;2.7139
2005-01-19;2.7185
2005-01-20;2.7222
2005-01-21;2.6999
2005-01-24;2.6780
2005-01-25;2.6794
2005-01-26;2.6748
2005-01-27;2.6645
2005-01-28;2.6587
2005-01-31;2.6248
2005-02-01;2.6130
2005-02-02;2.6240
2005-02-03;2.6034
2005-02-04;2.6030
2005-02-09;2.6078
2005-02-10;2.6122
2005-02-11;2.6173
2005-02-14;2.5834
2005-02-15;2.5762
2005-02-16;2.5926
2005-02-17;2.5737
2005-02-18;2.5621
2005-02-21;2.5762
2005-02-22;2.5937
2005-02-23;2.5857
2005-02-24;2.6098
2005-02-25;2.6320
2005-02-28;2.5950
2005-03-01;2.6011
2005-03-02;2.6368
2005-03-03;2.6698
2005-03-04;2.6615
2005-03-07;2.6624
2005-03-08;2.6934
2005-03-09;2.7113
2005-03-10;2.7319
2005-03-11;2.7021
2005-03-14;2.7523
2005-03-15;2.7621
2005-03-16;2.7570
2005-03-17;2.7522
2005-03-18;2.7163
2005-03-21;2.7288
2005-03-22;2.7060
2005-03-23;2.7403
2005-03-24;2.7303
2005-03-28;2.7385
2005-03-29;2.7031
2005-03-30;2.6808
2005-03-31;2.6662
2005-04-01;2.6550
2005-04-04;2.6598
2005-04-05;2.6255
2005-04-06;2.6067
2005-04-07;2.6019
2005-04-08;2.5942
2005-04-11;2.5783
2005-04-12;2.5899
2005-04-13;2.5598
2005-04-14;2.5747
2005-04-15;2.5971
2005-04-18;2.6157
2005-04-19;2.5825
2005-04-20;2.5645
2005-04-22;2.5392
2005-04-25;2.5308
2005-04-26;2.5355
2005-04-27;2.5195
2005-04-28;2.5217
2005-04-29;2.5313
2005-05-02;2.5146
2005-05-03;2.5007
2005-05-04;2.4765
2005-05-05;2.4687
2005-05-06;2.4594
2005-05-09;2.4538
2005-05-10;2.4650
2005-05-11;2.4719
2005-05-12;2.4648
2005-05-13;2.4715
2005-05-16;2.4772
2005-05-17;2.4779
2005-05-18;2.4636
2005-05-19;2.4458
2005-05-20;2.4493
2005-05-23;2.4299
2005-05-24;2.4313
2005-05-25;2.4116
2005-05-27;2.3934
2005-05-30;2.3784
2005-05-31;2.4038
2005-06-01;2.4286
2005-06-02;2.4202
2005-06-03;2.4029
2005-06-06;2.4576
2005-06-07;2.4632
2005-06-08;2.4464
2005-06-09;2.4891
2005-06-10;2.4751
2005-06-13;2.4562
2005-06-14;2.4375
2005-06-15;2.4455
2005-06-16;2.4161
2005-06-17;2.3873
2005-06-20;2.3855
2005-06-21;2.3772
2005-06-22;2.3703
2005-06-23;2.3932
2005-06-24;2.3877
2005-06-27;2.3830
2005-06-28;2.3694
2005-06-29;2.3549
2005-06-30;2.3504
2005-07-01;2.3459
2005-07-04;2.3715
2005-07-05;2.3668
2005-07-06;2.3901
2005-07-07;2.3890
2005-07-08;2.3683
2005-07-11;2.3502
2005-07-12;2.3353
2005-07-13;2.3482
2005-07-14;2.3433
2005-07-15;2.3427
2005-07-18;2.3304
2005-07-19;2.3434
2005-07-20;2.3522
2005-07-21;2.3405
2005-07-22;2.3761
2005-07-25;2.4287
2005-07-26;2.4656
2005-07-27;2.4439
2005-07-28;2.4211
2005-07-29;2.3905
2005-08-01;2.3785
2005-08-02;2.3530
2005-08-03;2.3151
2005-08-04;2.3054
2005-08-05;2.2986
2005-08-08;2.3100
2005-08-09;2.3151
2005-08-10;2.2767
2005-08-11;2.3169
2005-08-12;2.3758
2005-08-15;2.3422
2005-08-16;2.3442
2005-08-17;2.3492
2005-08-18;2.3637
2005-08-19;2.4316
2005-08-22;2.4028
2005-08-23;2.4097
2005-08-24;2.4235
2005-08-25;2.4203
2005-08-26;2.4129
2005-08-29;2.3995
2005-08-30;2.3861
2005-08-31;2.3637
2005-09-01;2.3623
2005-09-02;2.3429
2005-09-05;2.3295
2005-09-06;2.3262
2005-09-08;2.3198
2005-09-09;2.3175
2005-09-12;2.3197
2005-09-13;2.3269
2005-09-14;2.3300
2005-09-15;2.3012
2005-09-16;2.2937
2005-09-19;2.2905
2005-09-20;2.2948
2005-09-21;2.2827
2005-09-22;2.2752
2005-09-23;2.2682
2005-09-26;2.2583
2005-09-27;2.2533
2005-09-28;2.2433
2005-09-29;2.2244
2005-09-30;2.2222
2005-10-03;2.2339
2005-10-04;2.2424
2005-10-05;2.2685
2005-10-06;2.2886
2005-10-07;2.2630
2005-10-10;2.2384
2005-10-11;2.2351
2005-10-13;2.2627
2005-10-14;2.2511
2005-10-17;2.2352
2005-10-18;2.2403
2005-10-19;2.2535
2005-10-20;2.2443
2005-10-21;2.2546
2005-10-24;2.2623
2005-10-25;2.2618
2005-10-26;2.2746
2005-10-27;2.2851
2005-10-28;2.2791
2005-10-31;2.2543
2005-11-01;2.2516
2005-11-03;2.2336
2005-11-04;2.2231
2005-11-07;2.2013
2005-11-08;2.2032
2005-11-09;2.1717
2005-11-10;2.1757
2005-11-11;2.1633
2005-11-14;2.1990
2005-11-16;2.1974
2005-11-17;2.1866
2005-11-18;2.2187
2005-11-21;2.2181
2005-11-22;2.2511
2005-11-23;2.2380
2005-11-24;2.2370
2005-11-25;2.2329
2005-11-28;2.2094
2005-11-29;2.1980
2005-11-30;2.2070
2005-12-01;2.2177
2005-12-02;2.2061
2005-12-05;2.1968
2005-12-06;2.1807
2005-12-07;2.1800
2005-12-08;2.2127
2005-12-09;2.2446
2005-12-12;2.2634
2005-12-13;2.2565
2005-12-14;2.2779
2005-12-15;2.2957
2005-12-16;2.3356
2005-12-19;2.3735
2005-12-20;2.3497
2005-12-21;2.3168
2005-12-22;2.3254
2005-12-23;2.3327
2005-12-26;2.3325
2005-12-27;2.3526
2005-12-28;2.3483
2005-12-29;2.3407
2005-12-30;2.3407
2006-01-02;2.3370
2006-01-03;2.3460
2006-01-04;2.3066
2006-01-05;2.2825
2006-01-06;2.2870
2006-01-09;2.2632
2006-01-10;2.2638
2006-01-11;2.2679
2006-01-12;2.2729
2006-01-13;2.2747
2006-01-16;2.2762
2006-01-17;2.2924
2006-01-18;2.3276
2006-01-19;2.3225
2006-01-20;2.2756
2006-01-23;2.2609
2006-01-24;2.2440
2006-01-25;2.2433
2006-01-26;2.2382
2006-01-27;2.2152
2006-01-30;2.2116
2006-01-31;2.2160
2006-02-01;2.2217
2006-02-02;2.2210
2006-02-03;2.2202
2006-02-06;2.1877
2006-02-07;2.1866
2006-02-08;2.1956
2006-02-09;2.1778
2006-02-10;2.1575
2006-02-13;2.1621
2006-02-14;2.1435
2006-02-15;2.1375
2006-02-16;2.1177
2006-02-17;2.1186
2006-02-20;2.1182
2006-02-21;2.1297
2006-02-22;2.1484
2006-02-23;2.1353
2006-02-24;2.1355
2006-03-01;2.1181
2006-03-02;2.1134
2006-03-03;2.1155
2006-03-06;2.1261
2006-03-07;2.1682
2006-03-08;2.1778
2006-03-09;2.1615
2006-03-10;2.1447
2006-03-13;2.1349
2006-03-14;2.1269
2006-03-15;2.1215
2006-03-16;2.1067
2006-03-17;2.1188
2006-03-20;2.1386
2006-03-21;2.1591
2006-03-22;2.1553
2006-03-23;2.1506
2006-03-24;2.1628
2006-03-27;2.1804
2006-03-28;2.2238
2006-03-29;2.2228
2006-03-30;2.1952
2006-03-31;2.1724
2006-04-03;2.1542
2006-04-04;2.1293
2006-04-05;2.1344
2006-04-06;2.1299
2006-04-07;2.1409
2006-04-10;2.1522
2006-04-11;2.1420
2006-04-12;2.1336
2006-04-13;2.1426
2006-04-17;2.1343
2006-04-18;2.1292
2006-04-19;2.1143
2006-04-20;2.1236
2006-04-24;2.1182
2006-04-25;2.1233
2006-04-26;2.1224
2006-04-27;2.1136
2006-04-28;2.0892
2006-05-02;2.0718
2006-05-03;2.0706
2006-05-04;2.0667
2006-05-05;2.0587
2006-05-08;2.0651
2006-05-09;2.0642
2006-05-10;2.0586
2006-05-11;2.0881
2006-05-12;2.1307
2006-05-15;2.1774
2006-05-16;2.1403
2006-05-17;2.1826
2006-05-18;2.1833
2006-05-19;2.1930
2006-05-22;2.2883
2006-05-23;2.2601
2006-05-24;2.3711
2006-05-25;2.3150
2006-05-26;2.2520
2006-05-29;2.2566
2006-05-30;2.3235
2006-05-31;2.3005
2006-06-01;2.2713
2006-06-02;2.2595
2006-06-05;2.2557
2006-06-06;2.2686
2006-06-07;2.2500
2006-06-08;2.2701
2006-06-09;2.2615
2006-06-12;2.2707
2006-06-13;2.3018
2006-06-14;2.2845
2006-06-16;2.2521
2006-06-19;2.2404
2006-06-20;2.2506
2006-06-21;2.2378
2006-06-22;2.2391
2006-06-23;2.2462
2006-06-26;2.2259
2006-06-27;2.2315
2006-06-28;2.2262
2006-06-29;2.2063
2006-06-30;2.1643
2006-07-03;2.1701
2006-07-04;2.1646
2006-07-05;2.1955
2006-07-06;2.1840
2006-07-07;2.1765
2006-07-10;2.1750
2006-07-11;2.1859
2006-07-12;2.1915
2006-07-13;2.2106
2006-07-14;2.2130
2006-07-17;2.2126
2006-07-18;2.1962
2006-07-19;2.1810
2006-07-20;2.1895
2006-07-21;2.1935
2006-07-24;2.1916
2006-07-25;2.1993
2006-07-26;2.1984
2006-07-27;2.1899
2006-07-28;2.1800
2006-07-31;2.1762
2006-08-01;2.1905
2006-08-02;2.1821
2006-08-03;2.1835
2006-08-04;2.1720
2006-08-07;2.1793
2006-08-08;2.1839
2006-08-09;2.1687
2006-08-10;2.1628
2006-08-11;2.1616
2006-08-14;2.1605
2006-08-15;2.1480
2006-08-16;2.1329
2006-08-17;2.1365
2006-08-18;2.1456
2006-08-21;2.1361
2006-08-22;2.1355
2006-08-23;2.1354
2006-08-24;2.1523
2006-08-25;2.1571
2006-08-28;2.1473
2006-08-29;2.1419
2006-08-30;2.1330
2006-08-31;2.1388
2006-09-01;2.1468
2006-09-04;2.1282
2006-09-05;2.1288
2006-09-06;2.1443
2006-09-08;2.1582
2006-09-11;2.1751
2006-09-12;2.1732
2006-09-13;2.1700
2006-09-14;2.1593
2006-09-15;2.1540
2006-09-18;2.1453
2006-09-19;2.1518
2006-09-20;2.1690
2006-09-21;2.1969
2006-09-22;2.2177
2006-09-25;2.2188
2006-09-26;2.1980
2006-09-27;2.1860
2006-09-28;2.1793
2006-09-29;2.1742
2006-10-02;2.1623
2006-10-03;2.1655
2006-10-04;2.1676
2006-10-05;2.1629
2006-10-06;2.1636
2006-10-09;2.1588
2006-10-10;2.1497
2006-10-11;2.1546
2006-10-13;2.1419
2006-10-16;2.1331
2006-10-17;2.1361
2006-10-18;2.1339
2006-10-19;2.1387
2006-10-20;2.1457
2006-10-23;2.1391
2006-10-24;2.1467
2006-10-25;2.1510
2006-10-26;2.1363
2006-10-27;2.1378
2006-10-30;2.1456
2006-10-31;2.1430
2006-11-01;2.1410
2006-11-03;2.1420
2006-11-06;2.1378
2006-11-07;2.1353
2006-11-08;2.1464
2006-11-09;2.1412
2006-11-10;2.1489
2006-11-13;2.1620
2006-11-14;2.1537
2006-11-16;2.1517
2006-11-17;2.1593
2006-11-20;2.1622
2006-11-21;2.1638
2006-11-22;2.1623
2006-11-23;2.1683
2006-11-24;2.1700
2006-11-27;2.1800
2006-11-28;2.1870
2006-11-29;2.1783
2006-11-30;2.1668
2006-12-01;2.1672
2006-12-04;2.1693
2006-12-05;2.1560
2006-12-06;2.1528
2006-12-07;2.1428
2006-12-08;2.1442
2006-12-11;2.1384
2006-12-12;2.1481
2006-12-13;2.1459
2006-12-14;2.1460
2006-12-15;2.1470
2006-12-18;2.1470
2006-12-19;2.1572
2006-12-20;2.1560
2006-12-21;2.1593
2006-12-22;2.1518
2006-12-26;2.1437
2006-12-27;2.1497
2006-12-28;2.1380
2006-12-29;2.1380
2007-01-02;2.1342
2007-01-03;2.1372
2007-01-04;2.1429
2007-01-05;2.1474
2007-01-08;2.1505
2007-01-09;2.1506
2007-01-10;2.1556
2007-01-11;2.1465
2007-01-12;2.1421
2007-01-15;2.1407
2007-01-16;2.1444
2007-01-17;2.1350
2007-01-18;2.1329
2007-01-19;2.1307
2007-01-22;2.1327
2007-01-23;2.1368
2007-01-24;2.1286
2007-01-25;2.1281
2007-01-26;2.1360
2007-01-29;2.1360
2007-01-30;2.1329
2007-01-31;2.1247
2007-02-01;2.1093
2007-02-02;2.0982
2007-02-05;2.0964
2007-02-06;2.0833
2007-02-07;2.0852
2007-02-08;2.0951
2007-02-09;2.1033
2007-02-12;2.1140
2007-02-13;2.1088
2007-02-14;2.1000
2007-02-15;2.0896
2007-02-16;2.0913
2007-02-21;2.0802
2007-02-22;2.0766
2007-02-23;2.0868
2007-02-26;2.0863
2007-02-27;2.1099
2007-02-28;2.1182
2007-03-01;2.1260
2007-03-02;2.1274
2007-03-05;2.1388
2007-03-06;2.1209
2007-03-07;2.1121
2007-03-08;2.1054
2007-03-09;2.0983
2007-03-12;2.0902
2007-03-13;2.0962
2007-03-14;2.1044
2007-03-15;2.0909
2007-03-16;2.0915
2007-03-19;2.0792
2007-03-20;2.0763
2007-03-21;2.0676
2007-03-22;2.0602
2007-03-23;2.0652
2007-03-26;2.0601
2007-03-27;2.0637
2007-03-28;2.0716
2007-03-29;2.0545
2007-03-30;2.0504
2007-04-02;2.0478
2007-04-03;2.0372
2007-04-04;2.0321
2007-04-05;2.0333
2007-04-09;2.0236
2007-04-10;2.0282
2007-04-11;2.0333
2007-04-12;2.0371
2007-04-13;2.0231
2007-04-16;2.0340
2007-04-17;2.0348
2007-04-18;2.0365
2007-04-19;2.0312
2007-04-20;2.0262
2007-04-23;2.0290
2007-04-24;2.0385
2007-04-25;2.0236
2007-04-26;2.0252
2007-04-27;2.0321
2007-04-30;2.0339
2007-05-02;2.0268
2007-05-03;2.0239
2007-05-04;2.0309
2007-05-07;2.0266
2007-05-08;2.0226
2007-05-09;2.0222
2007-05-10;2.0217
2007-05-11;2.0194
2007-05-14;2.0138
2007-05-15;1.9922
2007-05-16;1.9586
2007-05-17;1.9573
2007-05-18;1.9630
2007-05-21;1.9435
2007-05-22;1.9409
2007-05-23;1.9489
2007-05-24;1.9653
2007-05-25;1.9520
2007-05-28;1.9441
2007-05-29;1.9461
2007-05-30;1.9468
2007-05-31;1.9289
2007-06-01;1.9056
2007-06-04;1.9215
2007-06-05;1.9395
2007-06-06;1.9617
2007-06-08;1.9638
2007-06-11;1.9473
2007-06-12;1.9420
2007-06-13;1.9442
2007-06-14;1.9303
2007-06-15;1.9097
2007-06-18;1.9047
2007-06-19;1.9058
2007-06-20;1.9198
2007-06-21;1.9197
2007-06-22;1.9334
2007-06-25;1.9379
2007-06-26;1.9488
2007-06-27;1.9499
2007-06-28;1.9256
2007-06-29;1.9262
2007-07-02;1.9176
2007-07-03;1.9122
2007-07-04;1.9099
2007-07-05;1.9157
2007-07-06;1.9033
2007-07-09;1.8992
2007-07-10;1.8947
2007-07-11;1.8900
2007-07-12;1.8767
2007-07-13;1.8684
2007-07-16;1.8647
2007-07-17;1.8621
2007-07-18;1.8609
2007-07-19;1.8536
2007-07-20;1.8606
2007-07-23;1.8448
2007-07-24;1.8525
2007-07-25;1.8643
2007-07-26;1.9054
2007-07-27;1.9069
2007-07-30;1.8809
2007-07-31;1.8776
2007-08-01;1.8856
2007-08-02;1.8729
2007-08-03;1.8814
2007-08-06;1.9106
2007-08-07;1.9077
2007-08-08;1.8866
2007-08-09;1.9191
2007-08-10;1.9550
2007-08-13;1.9411
2007-08-14;1.9809
2007-08-15;2.0043
2007-08-16;2.1124
2007-08-17;2.0376
2007-08-20;2.0280
2007-08-21;2.0385
2007-08-22;2.0173
2007-08-23;1.9939
2007-08-24;1.9855
2007-08-27;1.9489
2007-08-28;1.9849
2007-08-29;1.9864
2007-08-30;1.9777
2007-08-31;1.9620
2007-09-03;1.9547
2007-09-04;1.9528
2007-09-05;1.9640
2007-09-06;1.9545
2007-09-10;1.9591
2007-09-11;1.9304
2007-09-12;1.9125
2007-09-13;1.8991
2007-09-14;1.9031
2007-09-17;1.9123
2007-09-18;1.8960
2007-09-19;1.8639
2007-09-20;1.8637
2007-09-21;1.8618
2007-09-24;1.8694
2007-09-25;1.8656
2007-09-26;1.8493
2007-09-27;1.8409
2007-09-28;1.8389
2007-10-01;1.8225
2007-10-02;1.8235
2007-10-03;1.8274
2007-10-04;1.8284
2007-10-05;1.8092
2007-10-08;1.8133
2007-10-09;1.8108
2007-10-10;1.8048
2007-10-11;1.7920
2007-10-15;1.8078
2007-10-16;1.8242
2007-10-17;1.8138
2007-10-18;1.8071
2007-10-19;1.7964
2007-10-22;1.8206
2007-10-23;1.8007
2007-10-24;1.7969
2007-10-25;1.7896
2007-10-26;1.7752
2007-10-29;1.7595
2007-10-30;1.7552
2007-10-31;1.7440
2007-11-01;1.7460
2007-11-05;1.7556
2007-11-06;1.7325
2007-11-07;1.7400
2007-11-08;1.7354
2007-11-09;1.7490
2007-11-12;1.7740
2007-11-13;1.7682
2007-11-14;1.7378
2007-11-16;1.7414
2007-11-19;1.7593
2007-11-20;1.7647
2007-11-21;1.7866
2007-11-22;1.7747
2007-11-23;1.7962
2007-11-26;1.8110
2007-11-27;1.8501
2007-11-28;1.8018
2007-11-29;1.7905
2007-11-30;1.7837
2007-12-03;1.7888
2007-12-04;1.8233
2007-12-05;1.7956
2007-12-06;1.7873
2007-12-07;1.7616
2007-12-10;1.7620
2007-12-11;1.7650
2007-12-12;1.7624
2007-12-13;1.7746
2007-12-14;1.7959
2007-12-17;1.8123
2007-12-18;1.8091
2007-12-19;1.8019
2007-12-20;1.8032
2007-12-21;1.7966
2007-12-24;1.7909
2007-12-26;1.7795
2007-12-27;1.7671
2007-12-28;1.7713
2007-12-31;1.7713
2008-01-02;1.7722
2008-01-03;1.7569
2008-01-04;1.7574
2008-01-07;1.7675
2008-01-08;1.7554
2008-01-09;1.7691
2008-01-10;1.7628
2008-01-11;1.7536
2008-01-14;1.7414
2008-01-15;1.7450
2008-01-16;1.7630
2008-01-17;1.7687
2008-01-18;1.7850
2008-01-21;1.8301
2008-01-22;1.8041
2008-01-23;1.8147
2008-01-24;1.7883
2008-01-25;1.7912
2008-01-28;1.7906
2008-01-29;1.7762
2008-01-30;1.7802
2008-01-31;1.7603
2008-02-01;1.7451
2008-02-06;1.7531
2008-02-07;1.7627
2008-02-08;1.7681
2008-02-11;1.7601
2008-02-12;1.7478
2008-02-13;1.7459
2008-02-14;1.7469
2008-02-15;1.7541
2008-02-18;1.7394
2008-02-19;1.7329
2008-02-20;1.7351
2008-02-21;1.7104
2008-02-22;1.7040
2008-02-25;1.7062
2008-02-26;1.6882
2008-02-27;1.6715
2008-02-28;1.6723
2008-02-29;1.6833
2008-03-03;1.6816
2008-03-04;1.6730
2008-03-05;1.6700
2008-03-06;1.6720
2008-03-07;1.6841
2008-03-10;1.6996
2008-03-11;1.6947
2008-03-12;1.6796
2008-03-13;1.6971
2008-03-14;1.6947
2008-03-17;1.7248
2008-03-18;1.7007
2008-03-19;1.7045
2008-03-20;1.7424
2008-03-24;1.7407
2008-03-25;1.7341
2008-03-26;1.7288
2008-03-27;1.7345
2008-03-28;1.7456
2008-03-31;1.7491
2008-04-01;1.7534
2008-04-02;1.7273
2008-04-03;1.7252
2008-04-04;1.7117
2008-04-07;1.6990
2008-04-08;1.7038
2008-04-09;1.6878
2008-04-10;1.6822
2008-04-11;1.6876
2008-04-14;1.6867
2008-04-15;1.6822
2008-04-16;1.6699
2008-04-17;1.6588
2008-04-18;1.6693
2008-04-22;1.6575
2008-04-23;1.6582
2008-04-24;1.6687
2008-04-25;1.6688
2008-04-28;1.6764
2008-04-29;1.7058
2008-04-30;1.6872
2008-05-02;1.6506
2008-05-05;1.6578
2008-05-06;1.6615
2008-05-07;1.6741
2008-05-08;1.6936
2008-05-09;1.6949
2008-05-12;1.6743
2008-05-13;1.6583
2008-05-14;1.6641
2008-05-15;1.6601
2008-05-16;1.6434
2008-05-19;1.6460
2008-05-20;1.6570
2008-05-21;1.6492
2008-05-23;1.6547
2008-05-26;1.6610
2008-05-27;1.6681
2008-05-28;1.6630
2008-05-29;1.6496
2008-05-30;1.6294
2008-06-02;1.6320
2008-06-03;1.6215
2008-06-04;1.6307
2008-06-05;1.6262
2008-06-06;1.6282
2008-06-09;1.6265
2008-06-10;1.6392
2008-06-11;1.6428
2008-06-12;1.6400
2008-06-13;1.6368
2008-06-16;1.6277
2008-06-17;1.6127
2008-06-18;1.6113
2008-06-19;1.6051
2008-06-20;1.6042
2008-06-23;1.6117
2008-06-24;1.6046
2008-06-25;1.6001
2008-06-26;1.5951
2008-06-27;1.6077
2008-06-30;1.5919
2008-07-01;1.6061
2008-07-02;1.5993
2008-07-03;1.6089
2008-07-04;1.6100
2008-07-07;1.6041
2008-07-08;1.6027
2008-07-09;1.6092
2008-07-10;1.6147
2008-07-11;1.6032
2008-07-14;1.5942
2008-07-15;1.5910
2008-07-16;1.5960
2008-07-17;1.5913
2008-07-18;1.5938
2008-07-21;1.5818
2008-07-22;1.5811
2008-07-23;1.5834
2008-07-24;1.5781
2008-07-25;1.5745
2008-07-28;1.5754
2008-07-29;1.5730
2008-07-30;1.5641
2008-07-31;1.5666
2008-08-01;1.5593
2008-08-04;1.5659
2008-08-05;1.5732
2008-08-06;1.5782
2008-08-07;1.5843
2008-08-08;1.6136
2008-08-11;1.6148
2008-08-12;1.6161
2008-08-13;1.6211
2008-08-14;1.6204
2008-08-15;1.6389
2008-08-18;1.6349
2008-08-19;1.6343
2008-08-20;1.6207
2008-08-21;1.6143
2008-08-22;1.6217
2008-08-25;1.6275
2008-08-26;1.6375
2008-08-27;1.6213
2008-08-28;1.6262
2008-08-29;1.6344
2008-09-01;1.6447
2008-09-02;1.6602
2008-09-03;1.6728
2008-09-04;1.7010
2008-09-05;1.7305
2008-09-08;1.7282
2008-09-09;1.7544
2008-09-10;1.7858
2008-09-11;1.8255
2008-09-12;1.7912
2008-09-15;1.8125
2008-09-16;1.8410
2008-09-17;1.8660
2008-09-18;1.9159
2008-09-19;1.8398
2008-09-22;1.7989
2008-09-23;1.8242
2008-09-24;1.8445
2008-09-25;1.8277
2008-09-26;1.8555
2008-09-29;1.9559
2008-09-30;1.9143
2008-10-01;1.9213
2008-10-02;2.0081
2008-10-03;2.0540
2008-10-06;2.1769
2008-10-07;2.1883
2008-10-08;2.3924
2008-10-09;2.1818
2008-10-10;2.2880
2008-10-13;2.1562
2008-10-14;2.0789
2008-10-15;2.1551
2008-10-16;2.1854
2008-10-17;2.1020
2008-10-20;2.1174
2008-10-21;2.1941
2008-10-22;2.3650
2008-10-23;2.3147
2008-10-24;2.3112
2008-10-27;2.2524
2008-10-28;2.1700
2008-10-29;2.1320
2008-10-30;2.1151
2008-10-31;2.1153
2008-11-03;2.1818
2008-11-04;2.1227
2008-11-05;2.1210
2008-11-06;2.1593
2008-11-07;2.1613
2008-11-10;2.1335
2008-11-11;2.2010
2008-11-12;2.2632
2008-11-13;2.3314
2008-11-14;2.2800
2008-11-17;2.2940
2008-11-18;2.2996
2008-11-19;2.3766
2008-11-20;2.3962
2008-11-21;2.4277
2008-11-24;2.3500
2008-11-25;2.3056
2008-11-26;2.3221
2008-11-27;2.2657
2008-11-28;2.3331
2008-12-01;2.3565
2008-12-02;2.3457
2008-12-03;2.4213
2008-12-04;2.4905
2008-12-05;2.5004
2008-12-08;2.4689
2008-12-09;2.4829
2008-12-10;2.4683
2008-12-11;2.3397
2008-12-12;2.3920
2008-12-15;2.3690
2008-12-16;2.3783
2008-12-17;2.3576
2008-12-18;2.3572
2008-12-19;2.3859
2008-12-22;2.3740
2008-12-23;2.3829
2008-12-24;2.3751
2008-12-26;2.3613
2008-12-29;2.3956
2008-12-30;2.3370
2008-12-31;2.3370
2009-01-02;2.3298
2009-01-05;2.2780
2009-01-06;2.1889
2009-01-07;2.2174
2009-01-08;2.2683
2009-01-09;2.2867
2009-01-12;2.2969
2009-01-13;2.3083
2009-01-14;2.3341
2009-01-15;2.3803
2009-01-16;2.3248
2009-01-19;2.3306
2009-01-20;2.3548
2009-01-21;2.3544
2009-01-22;2.3299
2009-01-23;2.3568
2009-01-26;2.3149
2009-01-27;2.3109
2009-01-28;2.2982
2009-01-29;2.2761
2009-01-30;2.3162
2009-02-02;2.3475
2009-02-03;2.3144
2009-02-04;2.2994
2009-02-05;2.3065
2009-02-06;2.2658
2009-02-09;2.2446
2009-02-10;2.2528
2009-02-11;2.2870
2009-02-12;2.2909
2009-02-13;2.2680
2009-02-16;2.2719
2009-02-17;2.3131
2009-02-18;2.3396
2009-02-19;2.3249
2009-02-20;2.3916
2009-02-25;2.3814
2009-02-26;2.3503
2009-02-27;2.3784
2009-03-02;2.4121
2009-03-03;2.4218
2009-03-04;2.3917
2009-03-05;2.3822
2009-03-06;2.3768
2009-03-09;2.3781
2009-03-10;2.3515
2009-03-11;2.3366
2009-03-12;2.3158
2009-03-13;2.3012
2009-03-16;2.2705
2009-03-17;2.2833
2009-03-18;2.2806
2009-03-19;2.2379
2009-03-20;2.2567
2009-03-23;2.2505
2009-03-24;2.2567
2009-03-25;2.2435
2009-03-26;2.2375
2009-03-27;2.2745
2009-03-30;2.3297
2009-03-31;2.3152
2009-04-01;2.2899
2009-04-02;2.2355
2009-04-03;2.2072
2009-04-06;2.2252
2009-04-07;2.2249
2009-04-08;2.2014
2009-04-09;2.1766
2009-04-13;2.1699
2009-04-14;2.1876
2009-04-15;2.1992
2009-04-16;2.1791
2009-04-17;2.1864
2009-04-20;2.2350
2009-04-22;2.2128
2009-04-23;2.2107
2009-04-24;2.1933
2009-04-27;2.2165
2009-04-28;2.2037
2009-04-29;2.1838
2009-04-30;2.1783
2009-05-04;2.1369
2009-05-05;2.1476
2009-05-06;2.1213
2009-05-07;2.0984
2009-05-08;2.0750
2009-05-11;2.0579
2009-05-12;2.0649
2009-05-13;2.0992
2009-05-14;2.0929
2009-05-15;2.0762
2009-05-18;2.0784
2009-05-19;2.0488
2009-05-20;2.0199
2009-05-21;2.0264
2009-05-22;2.0279
2009-05-25;2.0234
2009-05-26;2.0261
2009-05-27;2.0095
2009-05-28;2.0144
2009-05-29;1.9730
2009-06-01;1.9440
2009-06-02;1.9370
2009-06-03;1.9600
2009-06-04;1.9497
2009-06-05;1.9534
2009-06-08;1.9704
2009-06-09;1.9385
2009-06-10;1.9474
2009-06-12;1.9301
2009-06-15;1.9458
2009-06-16;1.9461
2009-06-17;1.9784
2009-06-18;1.9709
2009-06-19;1.9592
2009-06-22;2.0074
2009-06-23;2.0019
2009-06-24;1.9724
2009-06-25;1.9562
2009-06-26;1.9396
2009-06-29;1.9487
2009-06-30;1.9516
2009-07-01;1.9342
2009-07-02;1.9469
2009-07-03;1.9474
2009-07-06;1.9711
2009-07-07;1.9641
2009-07-08;1.9982
2009-07-09;1.9921
2009-07-10;2.0147
2009-07-13;1.9895
2009-07-14;1.9704
2009-07-15;1.9420
2009-07-16;1.9340
2009-07-17;1.9290
2009-07-20;1.9068
2009-07-21;1.9043
2009-07-22;1.9029
2009-07-23;1.8922
2009-07-24;1.8960
2009-07-27;1.8837
2009-07-28;1.8819
2009-07-29;1.8982
2009-07-30;1.8811
2009-07-31;1.8726
2009-08-03;1.8369
2009-08-04;1.8272
2009-08-05;1.8181
2009-08-06;1.8348
2009-08-07;1.8232
2009-08-10;1.8412
2009-08-11;1.8457
2009-08-12;1.8386
2009-08-13;1.8325
2009-08-14;1.8385
2009-08-17;1.8682
2009-08-18;1.8574
2009-08-19;1.8433
2009-08-20;1.8434
2009-08-21;1.8297
2009-08-24;1.8339
2009-08-25;1.8419
2009-08-26;1.8670
2009-08-27;1.8669
2009-08-28;1.8740
2009-08-31;1.8864
2009-09-01;1.8829
2009-09-02;1.9038
2009-09-03;1.8702
2009-09-04;1.8501
2009-09-08;1.8254
2009-09-09;1.8280
2009-09-10;1.8261
2009-09-11;1.8179
2009-09-14;1.8197
2009-09-15;1.8087
2009-09-16;1.7984
2009-09-17;1.8094
2009-09-18;1.8049
2009-09-21;1.8172
2009-09-22;1.8061
2009-09-23;1.7916
2009-09-24;1.7917
2009-09-25;1.8017
2009-09-28;1.7910
2009-09-29;1.7928
2009-09-30;1.7781
2009-10-01;1.7794
2009-10-02;1.7844
2009-10-05;1.7673
2009-10-06;1.7533
2009-10-07;1.7595
2009-10-08;1.7412
2009-10-09;1.7389
2009-10-13;1.7298
2009-10-14;1.7099
2009-10-15;1.7037
2009-10-16;1.7135
2009-10-19;1.7130
2009-10-20;1.7450
2009-10-21;1.7440
2009-10-22;1.7304
2009-10-23;1.7113
2009-10-26;1.7157
2009-10-27;1.7342
2009-10-28;1.7447
2009-10-29;1.7436
2009-10-30;1.7440
2009-11-03;1.7588
2009-11-04;1.7271
2009-11-05;1.7240
2009-11-06;1.7179
2009-11-09;1.7024
2009-11-10;1.7096
2009-11-11;1.7112
2009-11-12;1.7250
2009-11-13;1.7290
2009-11-16;1.7127
2009-11-17;1.7153
2009-11-18;1.7103
2009-11-19;1.7287
2009-11-20;1.7356
2009-11-23;1.7245
2009-11-24;1.7282
2009-11-25;1.7272
2009-11-26;1.7409
2009-11-27;1.7443
2009-11-30;1.7505
2009-12-01;1.7293
2009-12-02;1.7201
2009-12-03;1.7096
2009-12-04;1.7131
2009-12-07;1.7302
2009-12-08;1.7482
2009-12-09;1.7611
2009-12-10;1.7627
2009-12-11;1.7521
2009-12-14;1.7483
2009-12-15;1.7557
2009-12-16;1.7518
2009-12-17;1.7823
2009-12-18;1.7879
2009-12-21;1.7787
2009-12-22;1.7825
2009-12-23;1.7763
2009-12-24;1.7527
2009-12-28;1.7398
2009-12-29;1.7421
2009-12-30;1.7412
2009-12-31;1.7412
2010-01-04;1.7240
2010-01-05;1.7227
2010-01-06;1.7337
2010-01-07;1.7413
2010-01-08;1.7390
2010-01-11;1.7323
2010-01-12;1.7439
2010-01-13;1.7442
2010-01-14;1.7648
2010-01-15;1.7711
2010-01-18;1.7721
2010-01-19;1.7747
2010-01-20;1.7854
2010-01-21;1.7903
2010-01-22;1.8187
2010-01-25;1.8194
2010-01-26;1.8367
2010-01-27;1.8513
2010-01-28;1.8560
2010-01-29;1.8748
2010-02-01;1.8773
2010-02-02;1.8363
2010-02-03;1.8337
2010-02-04;1.8715
2010-02-05;1.8753
2010-02-08;1.8730
2010-02-09;1.8550
2010-02-10;1.8483
2010-02-11;1.8516
2010-02-12;1.8670
2010-02-17;1.8313
2010-02-18;1.8266
2010-02-19;1.8116
2010-02-22;1.8046
2010-02-23;1.8186
2010-02-24;1.8203
2010-02-25;1.8364
2010-02-26;1.8110
2010-03-01;1.8000
2010-03-02;1.7851
2010-03-03;1.7846
2010-03-04;1.7888
2010-03-05;1.7824
2010-03-08;1.7826
2010-03-09;1.7899
2010-03-10;1.7716
2010-03-11;1.7693
2010-03-12;1.7637
2010-03-15;1.7644
2010-03-16;1.7666
2010-03-17;1.7640
2010-03-18;1.7848
2010-03-19;1.7954
2010-03-22;1.8030
2010-03-23;1.7813
2010-03-24;1.7904
2010-03-25;1.8008
2010-03-26;1.8231
2010-03-29;1.8064
2010-03-30;1.7952
2010-03-31;1.7810
2010-04-01;1.7701
2010-04-05;1.7573
2010-04-06;1.7605
2010-04-07;1.7662
2010-04-08;1.7806
2010-04-09;1.7730
2010-04-12;1.7608
2010-04-13;1.7584
2010-04-14;1.7446
2010-04-15;1.7483
2010-04-16;1.7558
2010-04-19;1.7588
2010-04-20;1.7497
2010-04-22;1.7626
2010-04-23;1.7624
2010-04-26;1.7446
2010-04-27;1.7592
2010-04-28;1.7558
2010-04-29;1.7321
2010-04-30;1.7306
2010-05-03;1.7315
2010-05-04;1.7557
2010-05-05;1.7862
2010-05-06;1.8353
2010-05-07;1.8343
2010-05-10;1.7833
2010-05-11;1.7843
2010-05-12;1.7723
2010-05-13;1.7737
2010-05-14;1.7967
2010-05-17;1.8045
2010-05-18;1.7921
2010-05-19;1.8366
2010-05-20;1.8677
2010-05-21;1.8710
2010-05-24;1.8522
2010-05-25;1.8811
2010-05-26;1.8461
2010-05-27;1.8328
2010-05-28;1.8229
2010-05-31;1.8167
2010-06-01;1.8255
2010-06-02;1.8362
2010-06-04;1.8401
2010-06-07;1.8634
2010-06-08;1.8658
2010-06-09;1.8423
2010-06-10;1.8185
2010-06-11;1.8125
2010-06-14;1.8030
2010-06-15;1.7971
2010-06-16;1.7893
2010-06-17;1.7817
2010-06-18;1.7761
2010-06-21;1.7663
2010-06-22;1.7680
2010-06-23;1.7908
2010-06-24;1.7907
2010-06-25;1.7781
2010-06-28;1.7826
2010-06-29;1.8076
2010-06-30;1.8015
2010-07-01;1.8006
2010-07-02;1.7785
2010-07-05;1.7755
2010-07-06;1.7665
2010-07-07;1.7719
2010-07-08;1.7652
2010-07-09;1.7572
2010-07-12;1.7644
2010-07-13;1.7525
2010-07-14;1.7657
2010-07-15;1.7690
2010-07-16;1.7792
2010-07-19;1.7854
2010-07-20;1.7800
2010-07-21;1.7766
2010-07-22;1.7629
2010-07-23;1.7617
2010-07-26;1.7669
2010-07-27;1.7658
2010-07-28;1.7650
2010-07-29;1.7643
2010-07-30;1.7572
2010-08-02;1.7489
2010-08-03;1.7594
2010-08-04;1.7563
2010-08-05;1.7535
2010-08-06;1.7566
2010-08-09;1.7537
2010-08-10;1.7576
2010-08-11;1.7663
2010-08-12;1.7731
2010-08-13;1.7716
2010-08-16;1.7639
2010-08-17;1.7528
2010-08-18;1.7513
2010-08-19;1.7584
2010-08-20;1.7597
2010-08-23;1.7587
2010-08-24;1.7727
2010-08-25;1.7668
2010-08-26;1.7596
2010-08-27;1.7544
2010-08-30;1.7591
2010-08-31;1.7560
2010-09-01;1.7441
2010-09-02;1.7367
2010-09-03;1.7281
2010-09-06;1.7259
2010-09-08;1.7231
2010-09-09;1.7238
2010-09-10;1.7186
2010-09-13;1.7174
2010-09-14;1.7076
2010-09-15;1.7169
2010-09-16;1.7184
2010-09-17;1.7166
2010-09-20;1.7216
2010-09-21;1.7255
2010-09-22;1.7184
2010-09-23;1.7194
2010-09-24;1.7120
2010-09-27;1.7100
2010-09-28;1.7093
2010-09-29;1.7053
2010-09-30;1.6942
2010-10-01;1.6812
2010-10-04;1.6882
2010-10-05;1.6808
2010-10-06;1.6758
2010-10-07;1.6777
2010-10-08;1.6804
2010-10-11;1.6648
2010-10-13;1.6554
2010-10-14;1.6596
2010-10-15;1.6604
2010-10-18;1.6686
2010-10-19;1.6868
2010-10-20;1.6735
2010-10-21;1.6897
2010-10-22;1.6997
2010-10-25;1.7026
2010-10-26;1.7045
2010-10-27;1.7077
2010-10-28;1.7112
2010-10-29;1.7014
2010-11-01;1.7044
2010-11-03;1.6937
2010-11-04;1.6819
2010-11-05;1.6801
2010-11-08;1.6970
2010-11-09;1.6970
2010-11-10;1.7070
2010-11-11;1.7178
2010-11-12;1.7198
2010-11-16;1.7295
2010-11-17;1.7298
2010-11-18;1.7143
2010-11-19;1.7189
2010-11-22;1.7235
2010-11-23;1.7336
2010-11-24;1.7247
2010-11-25;1.7206
2010-11-26;1.7298
2010-11-29;1.7271
2010-11-30;1.7161
2010-12-01;1.7052
2010-12-02;1.7029
2010-12-03;1.6917
2010-12-06;1.6836
2010-12-07;1.6739
2010-12-08;1.6892
2010-12-09;1.7024
2010-12-10;1.7117
2010-12-13;1.7027
2010-12-14;1.6949
2010-12-15;1.6988
2010-12-16;1.7028
2010-12-17;1.7098
2010-12-20;1.7082
2010-12-21;1.6974
2010-12-22;1.6946
2010-12-23;1.6984
2010-12-24;1.6903
2010-12-27;1.6922
2010-12-28;1.6866
2010-12-29;1.6788
2010-12-30;1.6662
2010-12-31;1.6662
2011-01-03;1.6510
2011-01-04;1.6556
2011-01-05;1.6713
2011-01-06;1.6857
2011-01-07;1.6861
2011-01-10;1.6912
2011-01-11;1.6887
2011-01-12;1.6773
2011-01-13;1.6701
2011-01-14;1.6843
2011-01-17;1.6818
2011-01-18;1.6745
2011-01-19;1.6714
2011-01-20;1.6715
2011-01-21;1.6723
2011-01-24;1.6731
2011-01-25;1.6745
2011-01-26;1.6692
2011-01-27;1.6720
2011-01-28;1.6782
2011-01-31;1.6734
2011-02-01;1.6631
2011-02-02;1.6671
2011-02-03;1.6697
2011-02-04;1.6738
2011-02-07;1.6776
2011-02-08;1.6711
2011-02-09;1.6643
2011-02-10;1.6680
2011-02-11;1.6679
2011-02-14;1.6681
2011-02-15;1.6682
2011-02-16;1.6704
2011-02-17;1.6661
2011-02-18;1.6677
2011-02-21;1.6667
2011-02-22;1.6694
2011-02-23;1.6720
2011-02-24;1.6649
2011-02-25;1.6625
2011-02-28;1.6612
2011-03-01;1.6627
2011-03-02;1.6610
2011-03-03;1.6545
2011-03-04;1.6462
2011-03-09;1.6559
2011-03-10;1.6612
2011-03-11;1.6649
2011-03-14;1.6631
2011-03-15;1.6692
2011-03-16;1.6674
2011-03-17;1.6757
2011-03-18;1.6720
2011-03-21;1.6652
2011-03-22;1.6638
2011-03-23;1.6602
2011-03-24;1.6593
2011-03-25;1.6581
2011-03-28;1.6614
2011-03-29;1.6546
2011-03-30;1.6360
2011-03-31;1.6287
2011-04-01;1.6194
2011-04-04;1.6110
2011-04-05;1.6087
2011-04-06;1.6097
2011-04-07;1.5927
2011-04-08;1.5762
2011-04-11;1.5805
2011-04-12;1.5870
2011-04-13;1.5864
2011-04-14;1.5842
2011-04-15;1.5776
2011-04-18;1.5912
2011-04-19;1.5792
2011-04-20;1.5722
2011-04-25;1.5720
2011-04-26;1.5654
2011-04-27;1.5705
2011-04-28;1.5853
2011-04-29;1.5733
2011-05-02;1.5747
2011-05-03;1.5890
2011-05-04;1.6030
2011-05-05;1.6219
2011-05-06;1.6111
2011-05-09;1.6199
2011-05-10;1.6069
2011-05-11;1.6178
2011-05-12;1.6207
2011-05-13;1.6328
2011-05-16;1.6317
2011-05-17;1.6290
2011-05-18;1.6166
2011-05-19;1.6165
2011-05-20;1.6169
2011-05-23;1.6339
2011-05-24;1.6256
2011-05-25;1.6297
2011-05-26;1.6196
2011-05-27;1.6038
2011-05-30;1.5958
2011-05-31;1.5799
2011-06-01;1.5878
2011-06-02;1.5805
2011-06-03;1.5744
2011-06-06;1.5810
2011-06-07;1.5764
2011-06-08;1.5820
2011-06-09;1.5877
2011-06-10;1.5938
2011-06-13;1.5888
2011-06-14;1.5821
2011-06-15;1.5960
2011-06-16;1.6108
2011-06-17;1.5979
2011-06-20;1.5969
2011-06-21;1.5910
2011-06-22;1.5877
2011-06-24;1.5988
2011-06-27;1.5969
2011-06-28;1.5833
2011-06-29;1.5730
2011-06-30;1.5611
2011-07-01;1.5599
2011-07-04;1.5580
2011-07-05;1.5637
2011-07-06;1.5662
2011-07-07;1.5581
2011-07-08;1.5634
2011-07-11;1.5796
2011-07-12;1.5773
2011-07-13;1.5762
2011-07-14;1.5729
2011-07-15;1.5743
2011-07-18;1.5828
2011-07-19;1.5691
2011-07-20;1.5651
2011-07-21;1.5567
2011-07-22;1.5547
2011-07-25;1.5449
